"","photo_id","date_pic","cam_model","cam_id","station_id","species_id","num","num_individ_pics"
"1",1,"29/7/21","Browning","7196-12","CTWABD01B","UNKNOWN",1,1
"2",2,"30/7/21","Browning","7196-12","CTWABD01B","UNKNOWN",1,1
"3",3,"30/7/21","Browning","7196-12","CTWABD01B","Coyote",1,1
"4",4,"4/8/21","Browning","7196-12","CTWABD01B","squirrel",1,1
"5",5,"6/8/21","Browning","7196-12","CTWABD01B","Coyote",1,1
"6",6,"6/8/21","Browning","7196-12","CTWABD01B","squirrel",1,1
"7",7,"7/8/21","Browning","7196-12","CTWABD01B","Coyote",1,1
"8",8,"14/8/21","Browning","7196-12","CTWABD01B","BB",1,1
"9",9,"15/8/21","Browning","7196-12","CTWABD01B","Grouse",1,1
"10",10,"16/8/21","Browning","7196-12","CTWABD01B","Lagomorph",1,1
"11",11,"16/8/21","Browning","7196-12","CTWABD01B","Grouse",1,1
"12",12,"16/8/21","Browning","7196-12","CTWABD01B","BB",1,1
"13",13,"16/8/21","Browning","7196-12","CTWABD01B","BB",1,1
"14",14,"18/8/21","Browning","7196-12","CTWABD01B","Deer",1,1
"15",15,"18/8/21","Browning","7196-12","CTWABD01B","BB",1,1
"16",16,"20/8/21","Browning","7196-12","CTWABD01B","Lagomorph",1,1
"17",17,"21/8/21","Browning","7196-12","CTWABD01B","BB",1,1
"18",18,"21/8/21","Browning","7196-12","CTWABD01B","Moose",1,1
"19",19,"22/8/21","Browning","7196-12","CTWABD01B","BB",1,1
"20",20,"23/8/21","Browning","7196-12","CTWABD01B","Coyote",1,1
"21",21,"24/8/21","Browning","7196-12","CTWABD01B","Mule Deer ",2,2
"22",22,"28/8/21","Browning","7196-12","CTWABD01B","Coyote",1,1
"23",23,"29/8/21","Browning","7196-12","CTWABD01B","Coyote",1,1
"24",24,"30/8/21","Browning","7196-12","CTWABD01B","Mule Deer ",1,1
"25",25,"30/8/21","Browning","7196-12","CTWABD01B","Ruffed Grouse",1,1
"26",26,"30/8/21","Browning","7196-12","CTWABD01B","Ruffed Grouse",1,1
"27",27,"30/8/21","Browning","7196-12","CTWABD01B","Ruffed Grouse",1,1
"28",28,"30/8/21","Browning","7196-12","CTWABD01B","Ruffed Grouse",1,1
"29",29,"30/8/21","Browning","7196-12","CTWABD01B","Ruffed Grouse",1,1
"30",30,"30/8/21","Browning","7196-12","CTWABD01B","Lagomorph",1,1
"31",31,"31/8/21","Browning","7196-12","CTWABD01B","Mountain Lion",1,1
"32",32,"31/8/21","Browning","7196-12","CTWABD01B","Coyote",1,1
"33",33,"1/9/21","Browning","7196-12","CTWABD01B","Coyote",1,1
"34",34,"2/9/21","Browning","7196-12","CTWABD01B","Coyote",1,1
"35",35,"3/9/21","Browning","7196-12","CTWABD01B","Moose",1,1
"36",36,"4/9/21","Browning","7196-12","CTWABD01B","Mountain Lion",1,1
"37",37,"5/9/21","Browning","7196-12","CTWABD01B","Skunk",1,1
"38",38,"5/9/21","Browning","7196-12","CTWABD01B","Lagomorph",1,1
"39",39,"6/9/21","Browning","7196-12","CTWABD01B","UNKNOWN",1,1
"40",40,"9/9/21","Browning","7196-12","CTWABD01B","Lagomorph",1,1
"41",41,"9/9/21","Browning","7196-12","CTWABD01B","Squirrel",1,1
"42",42,"13/9/21","Browning","7196-12","CTWABD01B","UNKNOWN",1,1
"43",43,"14/9/21","Browning","7196-12","CTWABD01B","Coyote",1,1
"44",44,"15/9/21","Browning","7196-12","CTWABD01B","Ruffed Grouse",1,1
"45",45,"17/9/21","Browning","7196-12","CTWABD01B","Human",1,1
"46",46,"23/9/21","Browning","7196-12","CTWABD01B","American Red Squirrel",1,1
"47",47,"23/9/21","Browning","7196-12","CTWABD01B","Coyote",1,1
"48",48,"24/9/21","Browning","7196-12","CTWABD01B","Coyote",1,1
"49",49,"24/9/21","Browning","7196-12","CTWABD01B","Coyote",1,1
"50",50,"26/9/21","Browning","7196-12","CTWABD01B","American Red Squirrel",1,1
"51",51,"28/9/21","Browning","7196-12","CTWABD01B","Mountain Lion",1,1
"52",52,"2/10/21","Browning","7196-12","CTWABD01B","Mountain Lion",1,1
"53",53,"2/10/21","Browning","7196-12","CTWABD01B","Lagomorph",1,1
"54",54,"3/10/21","Browning","7196-12","CTWABD01B","Human",1,1
"55",55,"28/7/21","Browning","7196-5","CTWABD01A","Douglas Squirrel",1,1
"56",56,"29/7/21","Browning","7196-5","CTWABD01A","Mule Deer ",1,1
"57",57,"29/7/21","Browning","7196-5","CTWABD01A","White-tail Deer ",1,1
"58",58,"29/7/21","Browning","7196-5","CTWABD01A","Douglas Squirrel",1,1
"59",59,"29/7/21","Browning","7196-5","CTWABD01A","Mule Deer ",1,1
"60",60,"31/7/21","Browning","7196-5","CTWABD01A","White-tail Deer ",1,1
"61",61,"2/8/21","Browning","7196-5","CTWABD01A","Chipmunk",1,1
"62",62,"2/8/21","Browning","7196-5","CTWABD01A","Squirrel",1,1
"63",63,"2/8/21","Browning","7196-5","CTWABD01A","Chipmunk",1,1
"64",64,"2/8/21","Browning","7196-5","CTWABD01A","Chipmunk",1,1
"65",65,"5/8/21","Browning","7196-5","CTWABD01A","Red Squirrel",1,1
"66",66,"5/8/21","Browning","7196-5","CTWABD01A","Mule Deer ",1,1
"67",67,"7/8/21","Browning","7196-5","CTWABD01A","Squirrel",1,1
"68",68,"7/8/21","Browning","7196-5","CTWABD01A","Squirrel",1,1
"69",69,"8/8/21","Browning","7196-5","CTWABD01A","Sooty grouse",1,1
"70",70,"8/8/21","Browning","7196-5","CTWABD01A","Squirrel",1,1
"71",71,"9/8/21","Browning","7196-5","CTWABD01A","Squirrel",1,1
"72",72,"11/8/21","Browning","7196-5","CTWABD01A","Mouse",1,1
"73",73,"13/8/21","Browning","7196-5","CTWABD01A","Mule Deer ",1,1
"74",74,"13/8/21","Browning","7196-5","CTWABD01A","Douglas Squirrel",1,1
"75",75,"14/8/21","Browning","7196-5","CTWABD01A","Mouse",1,1
"76",76,"15/8/21","Browning","7196-5","CTWABD01A","American Red Squirrel",1,1
"77",77,"15/8/21","Browning","7196-5","CTWABD01A","American Red Squirrel",1,1
"78",78,"15/8/21","Browning","7196-5","CTWABD01A","Chipmunk",1,1
"79",79,"16/8/21","Browning","7196-5","CTWABD01A","Sooty grouse",1,1
"80",80,"17/8/21","Browning","7196-5","CTWABD01A","Chipmunk",1,1
"81",81,"18/8/21","Browning","7196-5","CTWABD01A","Chipmunk",1,1
"82",82,"20/8/21","Browning","7196-5","CTWABD01A","Chipmunk",1,1
"83",83,"20/8/21","Browning","7196-5","CTWABD01A","Chipmunk",1,1
"84",84,"22/8/21","Browning","7196-5","CTWABD01A","American Red Squirrel",1,1
"85",85,"22/8/21","Browning","7196-5","CTWABD01A","Chipmunk",1,1
"86",86,"23/8/21","Browning","7196-5","CTWABD01A","American Red Squirrel",1,1
"87",87,"23/8/21","Browning","7196-5","CTWABD01A","Squirrel",1,1
"88",88,"24/8/21","Browning","7196-5","CTWABD01A","Chipmunk",1,1
"89",89,"24/8/21","Browning","7196-5","CTWABD01A","Deer",1,1
"90",90,"24/8/21","Browning","7196-5","CTWABD01A","American Red Squirrel",1,1
"91",91,"25/8/21","Browning","7196-5","CTWABD01A","American Red Squirrel",1,1
"92",92,"26/8/21","Browning","7196-5","CTWABD01A","White-tail Deer ",1,1
"93",93,"27/8/21","Browning","7196-5","CTWABD01A","American Red Squirrel",1,1
"94",94,"28/8/21","Browning","7196-5","CTWABD01A","American Red Squirrel",1,1
"95",95,"28/8/21","Browning","7196-5","CTWABD01A","Chipmunk",1,1
"96",96,"29/8/21","Browning","7196-5","CTWABD01A","Chipmunk",1,1
"97",97,"29/8/21","Browning","7196-5","CTWABD01A","Chipmunk",1,1
"98",98,"30/8/21","Browning","7196-5","CTWABD01A","American Red Squirrel",1,1
"99",99,"30/8/21","Browning","7196-5","CTWABD01A","Chipmunk",1,1
"100",100,"30/8/21","Browning","7196-5","CTWABD01A","Chipmunk",1,1
"101",101,"30/8/21","Browning","7196-5","CTWABD01A","American Red Squirrel",1,1
"102",102,"31/8/21","Browning","7196-5","CTWABD01A","Chipmunk",1,1
"103",103,"1/9/21","Browning","7196-5","CTWABD01A","Mouse",1,1
"104",104,"1/9/21","Browning","7196-5","CTWABD01A","American Red Squirrel",1,1
"105",105,"1/9/21","Browning","7196-5","CTWABD01A","American Red Squirrel",1,1
"106",106,"2/9/21","Browning","7196-5","CTWABD01A","Chipmunk",1,1
"107",107,"2/9/21","Browning","7196-5","CTWABD01A","Chipmunk",1,1
"108",108,"2/9/21","Browning","7196-5","CTWABD01A","American Red Squirrel",1,1
"109",109,"3/9/21","Browning","7196-5","CTWABD01A","Chipmunk",1,1
"110",110,"4/9/21","Browning","7196-5","CTWABD01A","Mountain Lion",1,1
"111",111,"4/9/21","Browning","7196-5","CTWABD01A","Chipmunk",1,1
"112",112,"5/9/21","Browning","7196-5","CTWABD01A","Chipmunk",1,1
"113",113,"6/9/21","Browning","7196-5","CTWABD01A","Chipmunk",1,1
"114",114,"6/9/21","Browning","7196-5","CTWABD01A","Chipmunk",1,1
"115",115,"9/6/21","Browning","7196-5","CTWABD01A","Chipmunk",1,1
"116",116,"8/9/21","Browning","7196-5","CTWABD01A","UNKNOWN",1,1
"117",117,"11/9/21","Browning","7196-5","CTWABD01A","Chipmunk",1,1
"118",118,"11/9/21","Browning","7196-5","CTWABD01A","Chipmunk",1,1
"119",119,"12/9/21","Browning","7196-5","CTWABD01A","American Red Squirrel",1,1
"120",120,"15/9/21","Browning","7196-5","CTWABD01A","Chipmunk",1,1
"121",121,"15/9/21","Browning","7196-5","CTWABD01A","Chipmunk",1,1
"122",122,"16/9/21","Browning","7196-5","CTWABD01A","Chipmunk",1,1
"123",123,"18/9/21","Browning","7196-5","CTWABD01A","Chipmunk",1,1
"124",124,"21/9/21","Browning","7196-5","CTWABD01A","Chipmunk",1,1
"125",125,"23/9/21","Browning","7196-5","CTWABD01A","Chipmunk",1,1
"126",126,"24/9/21","Browning","7196-5","CTWABD01A","Deer",1,1
"127",127,"24/9/21","Browning","7196-5","CTWABD01A","Chipmunk",1,1
"128",128,"24/9/21","Browning","7196-5","CTWABD01A","Chipmunk",1,1
"129",129,"25/9/21","Browning","7196-5","CTWABD01A","Chipmunk",1,1
"130",130,"28/9/21","Browning","7196-5","CTWABD01A","Chipmunk",1,1
"131",131,"2/10/21","Browning","7196-5","CTWABD01A","Deer",1,1
"132",132,"2/10/21","Browning","7196-5","CTWABD01A","American Red Squirrel",1,1
"133",133,"3/10/21","Browning","7196-5","CTWABD01A","Chipmunk",1,1
"134",134,"25/7/21","Browning","4186-13","CTWABD02B","Human",1,1
"135",135,"26/7/21","Browning","4186-13","CTWABD02B","Deer",1,1
"136",136,"27/7/21","Browning","4186-13","CTWABD02B","Lagomorph",1,1
"137",137,"29/7/21","Browning","4186-13","CTWABD02B","White-tail Deer ",1,1
"138",138,"3/8/21","Browning","4186-13","CTWABD02B","Moose",1,1
"139",139,"4/8/21","Browning","4186-13","CTWABD02B","BB",1,1
"140",140,"5/8/21","Browning","4186-13","CTWABD02B","Mule Deer ",1,1
"141",141,"5/8/21","Browning","4186-13","CTWABD02B","Deer",1,1
"142",142,"6/8/21","Browning","4186-13","CTWABD02B","Coyote",1,1
"143",143,"8/8/21","Browning","4186-13","CTWABD02B","BB",1,1
"144",144,"10/8/21","Browning","4186-13","CTWABD02B","BB",1,1
"145",145,"10/8/21","Browning","4186-13","CTWABD02B","Deer",2,2
"146",146,"10/8/21","Browning","4186-13","CTWABD02B","BB",1,1
"147",147,"18/8/21","Browning","4186-13","CTWABD02B","BB",1,1
"148",148,"19/8/21","Browning","4186-13","CTWABD02B","BB",1,1
"149",149,"22/8/21","Browning","4186-13","CTWABD02B","Coyote",1,1
"150",150,"26/8/21","Browning","4186-13","CTWABD02B","Coyote",1,1
"151",151,"27/8/21","Browning","4186-13","CTWABD02B","BB",1,1
"152",152,"28/8/21","Browning","4186-13","CTWABD02B","Coyote",2,2
"153",153,"9/8/21","Browning","4186-13","CTWABD02B","Mule Deer ",1,1
"154",154,"14/9/21","Browning","4186-13","CTWABD02B","coyote",1,1
"155",155,"16/9/21","Browning","4186-13","CTWABD02B","Mule Deer ",1,1
"156",156,"17/9/21","Browning","4186-13","CTWABD02B","Deer",1,1
"157",157,"17/9/21","Browning","4186-13","CTWABD02B","Moose",1,1
"158",158,"22/9/21","Browning","4186-13","CTWABD02B","Deer",1,1
"159",159,"26/7/21","Browning","4186-17","CTWABD02A","Deer",1,1
"160",160,"27/7/21","Browning","4186-17","CTWABD02A","Deer",1,1
"161",161,"30/7/21","Browning","4186-17","CTWABD02A","BB",1,1
"162",162,"3/8/21","Browning","4186-17","CTWABD02A","Deer",1,1
"163",163,"12/8/21","Browning","4186-17","CTWABD02A","BB",1,1
"164",164,"15/8/21","Browning","4186-17","CTWABD02A","BB",1,1
"165",165,"18/8/21","Browning","4186-17","CTWABD02A","Lagomorph",1,1
"166",166,"16/9/21","Browning","4186-17","CTWABD02A","Deer",1,1
"167",167,"26/9/21","Browning","4186-17","CTWABD02A","Squirrel",1,1
"168",168,"29/9/21","Browning","4186-17","CTWABD02A","Chipmunk",1,1
"169",169,"3/8/21","Browning","7196-11","CTWABD03B","Cow  ",4,2
"170",170,"3/8/21","Browning","7196-11","CTWABD03B","Mule Deer ",1,1
"171",171,"3/8/21","Browning","7196-11","CTWABD03B","Cow  ",2,2
"172",172,"9/8/21","Browning","7196-11","CTWABD03B","Mule Deer ",3,3
"173",173,"12/8/21","Browning","7196-11","CTWABD03B","BB",1,1
"174",174,"13/8/21","Browning","7196-11","CTWABD03B","Mule Deer ",1,1
"175",175,"25/8/21","Browning","7196-11","CTWABD03B","Mule Deer ",2,2
"176",176,"26/8/21","Browning","7196-11","CTWABD03B","Deer",1,1
"177",177,"28/8/21","Browning","7196-11","CTWABD03B","Dog",1,1
"178",178,"28/8/21","Browning","7196-11","CTWABD03B","Human",2,2
"179",179,"1/9/21","Browning","7196-11","CTWABD03B","Mountain Lion",1,1
"180",180,"6/9/21","Browning","7196-11","CTWABD03B","Deer",1,1
"181",181,"11/9/21","Browning","7196-11","CTWABD03B","Mule Deer ",1,1
"182",182,"11/9/21","Browning","7196-11","CTWABD03B","Mule Deer ",1,1
"183",183,"18/9/21","Browning","7196-11","CTWABD03B","Cow ",1,1
"184",184,"18/9/21","Browning","7196-11","CTWABD03B","Cow ",3,1
"185",185,"19/9/21","Browning","7196-11","CTWABD03B","Cow ",2,1
"186",186,"19/9/21","Browning","7196-11","CTWABD03B","Mule Deer ",1,1
"187",187,"20/9/21","Browning","7196-11","CTWABD03B","Lagomorph",1,1
"188",188,"20/9/21","Browning","7196-11","CTWABD03B","Deer",1,1
"189",189,"20/9/21","Browning","7196-11","CTWABD03B","Mule Deer ",1,1
"190",190,"20/9/21","Browning","7196-11","CTWABD03B","Mule Deer ",1,1
"191",191,"27/9/21","Browning","7196-11","CTWABD03B","Deer",1,1
"192",192,"28/9/21","Browning","7196-11","CTWABD03B","Cow ",2,2
"193",193,"29/9/21","Browning","7196-11","CTWABD03B","Human",1,1
"194",194,"1/8/21","Browning","4186-09","CTWABD04A","Cow ",1,1
"195",195,"3/8/21","Browning","4186-09","CTWABD04A","Wild turkey",1,1
"196",196,"4/9/21","Browning","4186-09","CTWABD04A","Mule Deer ",1,1
"197",197,"7/9/21","Browning","4186-09","CTWABD04A","Mule Deer ",1,1
"198",198,"11/9/21","Browning","4186-09","CTWABD04A","Mule Deer ",1,1
"199",199,"14/9/21","Browning","4186-09","CTWABD04A","Deer",1,1
"200",200,"24/9/21","Browning","4186-09","CTWABD04A","Mule Deer ",1,1
"201",201,"25/7/21","Browning","4186-20","CTWABD05B","Cow ",1,1
"202",202,"25/7/21","Browning","4186-20","CTWABD05B","Deer",1,1
"203",203,"26/7/21","Browning","4186-20","CTWABD05B","Deer",1,1
"204",204,"26/7/21","Browning","4186-20","CTWABD05B","Lagomorph",1,1
"205",205,"26/7/21","Browning","4186-20","CTWABD05B","Lagomorph",1,1
"206",206,"26/7/21","Browning","4186-20","CTWABD05B","Lagomorph",1,1
"207",207,"26/7/21","Browning","4186-20","CTWABD05B","Squirrel",1,1
"208",208,"26/7/21","Browning","4186-20","CTWABD05B","Dog",1,1
"209",209,"26/7/21","Browning","4186-20","CTWABD05B","Lagomorph",1,1
"210",210,"26/7/21","Browning","4186-20","CTWABD05B","Deer",1,1
"211",211,"26/7/21","Browning","4186-20","CTWABD05B","Deer",1,1
"212",212,"27/7/21","Browning","4186-20","CTWABD05B","Deer",1,1
"213",213,"27/7/21","Browning","4186-20","CTWABD05B","Deer",1,1
"214",214,"27/7/21","Browning","4186-20","CTWABD05B","Deer",1,1
"215",215,"27/7/21","Browning","4186-20","CTWABD05B","Squirrel",1,1
"216",216,"27/7/21","Browning","4186-20","CTWABD05B","Human",1,1
"217",217,"27/7/21","Browning","4186-20","CTWABD05B","Human",1,1
"218",218,"27/7/21","Browning","4186-20","CTWABD05B","Lagomorph",1,1
"219",219,"28/7/21","Browning","4186-20","CTWABD05B","Human",1,1
"220",220,"28/7/21","Browning","4186-20","CTWABD05B","Human",1,1
"221",221,"29/7/21","Browning","4186-20","CTWABD05B","Human",1,1
"222",222,"29/7/21","Browning","4186-20","CTWABD05B","Human",1,1
"223",223,"29/7/21","Browning","4186-20","CTWABD05B","Cow ",4,4
"224",224,"27/7/21","Browning","4186-20","CTWABD05B","Human",1,1
"225",225,"27/7/21","Browning","4186-20","CTWABD05B","Human",1,1
"226",226,"30/7/21","Browning","4186-20","CTWABD05B","Human",1,1
"227",227,"31/7/21","Browning","4186-20","CTWABD05B","Lagomorph",1,1
"228",228,"31/7/21","Browning","4186-20","CTWABD05B","Cow ",5,1
"229",229,"31/7/21","Browning","4186-20","CTWABD05B","Cow ",2,2
"230",230,"31/7/21","Browning","4186-20","CTWABD05B","Cow ",1,1
"231",231,"1/8/21","Browning","4186-20","CTWABD05B","Cow ",1,1
"232",232,"1/8/21","Browning","4186-20","CTWABD05B","White-tail Deer ",1,1
"233",233,"1/8/21","Browning","4186-20","CTWABD05B","Cow ",6,6
"234",234,"1/8/21","Browning","4186-20","CTWABD05B","Cow ",5,5
"235",235,"1/8/21","Browning","4186-20","CTWABD05B","Cow ",1,1
"236",236,"1/8/21","Browning","4186-20","CTWABD05B","Cow ",6,6
"237",237,"1/8/21","Browning","4186-20","CTWABD05B","Cow ",7,7
"238",238,"1/8/21","Browning","4186-20","CTWABD05B","Cow ",6,6
"239",239,"1/8/21","Browning","4186-20","CTWABD05B","Cow ",5,3
"240",240,"1/8/21","Browning","4186-20","CTWABD05B","Cow ",4,4
"241",241,"1/8/21","Browning","4186-20","CTWABD05B","Cow ",4,4
"242",242,"1/8/21","Browning","4186-20","CTWABD05B","Cow ",5,5
"243",243,"1/8/21","Browning","4186-20","CTWABD05B","Cow ",4,4
"244",244,"1/8/21","Browning","4186-20","CTWABD05B","Cow ",4,4
"245",245,"1/8/21","Browning","4186-20","CTWABD05B","Cow ",4,4
"246",246,"1/8/21","Browning","4186-20","CTWABD05B","Cow ",3,3
"247",247,"1/8/21","Browning","4186-20","CTWABD05B","Cow ",2,2
"248",248,"2/8/21","Browning","4186-20","CTWABD05B","Cow ",1,1
"249",249,"2/8/21","Browning","4186-20","CTWABD05B","Cow ",2,2
"250",250,"2/8/21","Browning","4186-20","CTWABD05B","Cow ",1,1
"251",251,"2/8/21","Browning","4186-20","CTWABD05B","Mule Deer ",1,1
"252",252,"2/8/21","Browning","4186-20","CTWABD05B","Mule Deer ",1,1
"253",253,"2/8/21","Browning","4186-20","CTWABD05B","Cow ",5,5
"254",254,"2/8/21","Browning","4186-20","CTWABD05B","Cow ",6,6
"255",255,"2/8/21","Browning","4186-20","CTWABD05B","Cow ",6,6
"256",256,"2/8/21","Browning","4186-20","CTWABD05B","Cow ",6,6
"257",257,"2/8/21","Browning","4186-20","CTWABD05B","Cow ",2,2
"258",258,"2/8/21","Browning","4186-20","CTWABD05B","Cow ",6,6
"259",259,"2/8/21","Browning","4186-20","CTWABD05B","Cow ",5,5
"260",260,"2/8/21","Browning","4186-20","CTWABD05B","Cow ",3,3
"261",261,"2/8/21","Browning","4186-20","CTWABD05B","Cow ",3,3
"262",262,"2/8/21","Browning","4186-20","CTWABD05B","Cow ",7,7
"263",263,"2/8/21","Browning","4186-20","CTWABD05B","Cow ",7,7
"264",264,"2/8/21","Browning","4186-20","CTWABD05B","Cow ",3,3
"265",265,"2/8/21","Browning","4186-20","CTWABD05B","Cow ",3,3
"266",266,"2/8/21","Browning","4186-20","CTWABD05B","Cow ",3,3
"267",267,"3/8/21","Browning","4186-20","CTWABD05B","Cow ",2,2
"268",268,"3/8/21","Browning","4186-20","CTWABD05B","Lagomorph",1,1
"269",269,"3/8/21","Browning","4186-20","CTWABD05B","Cow ",5,5
"270",270,"3/8/21","Browning","4186-20","CTWABD05B","Cow ",5,5
"271",271,"3/8/21","Browning","4186-20","CTWABD05B","Cow ",1,1
"272",272,"3/8/21","Browning","4186-20","CTWABD05B","Cow ",1,1
"273",273,"3/8/21","Browning","4186-20","CTWABD05B","Cow ",1,1
"274",274,"3/8/21","Browning","4186-20","CTWABD05B","Cow ",4,4
"275",275,"3/8/21","Browning","4186-20","CTWABD05B","Cow ",1,1
"276",276,"3/8/21","Browning","4186-20","CTWABD05B","Cow ",2,2
"277",277,"3/8/21","Browning","4186-20","CTWABD05B","Cow ",1,1
"278",278,"4/8/21","Browning","4186-20","CTWABD05B","Cow ",1,1
"279",279,"4/8/21","Browning","4186-20","CTWABD05B","Cow ",1,1
"280",280,"4/8/21","Browning","4186-20","CTWABD05B","Mule Deer ",2,2
"281",281,"4/8/21","Browning","4186-20","CTWABD05B","White-tail Deer ",3,3
"282",282,"4/8/21","Browning","4186-20","CTWABD05B","Moose",1,1
"283",283,"4/8/21","Browning","4186-20","CTWABD05B","Moose",1,1
"284",284,"5/8/21","Browning","4186-20","CTWABD05B","Deer",1,1
"285",285,"5/8/21","Browning","4186-20","CTWABD05B","Moose",1,1
"286",286,"5/8/21","Browning","4186-20","CTWABD05B","Moose",1,1
"287",287,"5/8/21","Browning","4186-20","CTWABD05B","White-tail Deer ",2,2
"288",288,"5/8/21","Browning","4186-20","CTWABD05B","Mule Deer ",1,1
"289",289,"7/8/21","Browning","4186-20","CTWABD05B","Mule Deer ",1,1
"290",290,"8/8/21","Browning","4186-20","CTWABD05B","Deer",1,1
"291",291,"9/8/21","Browning","4186-20","CTWABD05B","Mule Deer ",2,2
"292",292,"10/8/21","Browning","4186-20","CTWABD05B","Mule Deer ",4,4
"293",293,"10/8/21","Browning","4186-20","CTWABD05B","Mule Deer ",2,2
"294",294,"10/8/21","Browning","4186-20","CTWABD05B","Cow ",6,6
"295",295,"11/8/21","Browning","4186-20","CTWABD05B","Cow ",1,1
"296",296,"11/8/21","Browning","4186-20","CTWABD05B","Cow ",1,1
"297",297,"11/8/21","Browning","4186-20","CTWABD05B","Deer",1,1
"298",298,"12/8/21","Browning","4186-20","CTWABD05B","Deer",1,1
"299",299,"12/8/21","Browning","4186-20","CTWABD05B","Mule Deer ",1,1
"300",300,"12/8/21","Browning","4186-20","CTWABD05B","Deer",1,1
"301",301,"13/8/21","Browning","4186-20","CTWABD05B","Cow ",8,8
"302",302,"13/8/21","Browning","4186-20","CTWABD05B","Cow ",6,6
"303",303,"13/8/21","Browning","4186-20","CTWABD05B","Cow ",1,1
"304",304,"13/8/21","Browning","4186-20","CTWABD05B","Cow ",1,1
"305",305,"13/8/21","Browning","4186-20","CTWABD05B","Mule Deer ",1,1
"306",306,"13/8/21","Browning","4186-20","CTWABD05B","Mule Deer ",1,1
"307",307,"14/8/21","Browning","4186-20","CTWABD05B","Cow ",3,3
"308",308,"14/8/21","Browning","4186-20","CTWABD05B","Cow ",1,1
"309",309,"14/8/21","Browning","4186-20","CTWABD05B","Cow ",2,2
"310",310,"14/8/21","Browning","4186-20","CTWABD05B","Cow ",1,1
"311",311,"14/8/21","Browning","4186-20","CTWABD05B","Cow ",1,1
"312",312,"16/8/21","Browning","4186-20","CTWABD05B","Deer",1,1
"313",313,"17/8/21","Browning","4186-20","CTWABD05B","Mule Deer ",1,1
"314",314,"17/8/21","Browning","4186-20","CTWABD05B","Deer",1,1
"315",315,"17/8/21","Browning","4186-20","CTWABD05B","Deer",1,1
"316",316,"18/8/21","Browning","4186-20","CTWABD05B","Human",1,1
"317",317,"18/8/21","Browning","4186-20","CTWABD05B","Human",1,1
"318",318,"18/8/21","Browning","4186-20","CTWABD05B","Human",1,1
"319",319,"19/8/21","Browning","4186-20","CTWABD05B","White-tail Deer ",1,1
"320",320,"19/8/21","Browning","4186-20","CTWABD05B","Human",1,1
"321",321,"19/8/21","Browning","4186-20","CTWABD05B","Human",1,1
"322",322,"20/8/21","Browning","4186-20","CTWABD05B","White-tail Deer ",3,1
"323",323,"21/8/21","Browning","4186-20","CTWABD05B","Deer",2,2
"324",324,"21/8/21","Browning","4186-20","CTWABD05B","White-tail Deer ",3,3
"325",325,"21/8/21","Browning","4186-20","CTWABD05B","Deer",1,1
"326",326,"22/8/21","Browning","4186-20","CTWABD05B","Cow ",4,4
"327",327,"22/8/21","Browning","4186-20","CTWABD05B","Cow ",6,6
"328",328,"22/8/21","Browning","4186-20","CTWABD05B","Cow ",5,5
"329",329,"22/8/21","Browning","4186-20","CTWABD05B","Cow ",4,4
"330",330,"22/8/21","Browning","4186-20","CTWABD05B","Cow ",3,3
"331",331,"22/8/21","Browning","4186-20","CTWABD05B","Deer",1,1
"332",332,"22/8/21","Browning","4186-20","CTWABD05B","Deer",1,1
"333",333,"22/8/21","Browning","4186-20","CTWABD05B","Cow ",4,4
"334",334,"22/8/21","Browning","4186-20","CTWABD05B","Cow ",3,3
"335",335,"22/8/21","Browning","4186-20","CTWABD05B","Cow ",2,2
"336",336,"23/8/21","Browning","4186-20","CTWABD05B","Cow ",4,4
"337",337,"23/8/21","Browning","4186-20","CTWABD05B","Cow ",4,4
"338",338,"23/8/21","Browning","4186-20","CTWABD05B","Cow ",3,3
"339",339,"23/8/21","Browning","4186-20","CTWABD05B","Cow ",1,1
"340",340,"23/8/21","Browning","4186-20","CTWABD05B","White-tail Deer ",1,1
"341",341,"24/8/21","Browning","4186-20","CTWABD05B","White-tail Deer ",3,2
"342",342,"24/8/21","Browning","4186-20","CTWABD05B","White-tail Deer ",1,1
"343",343,"24/8/21","Browning","4186-20","CTWABD05B","Mule Deer ",1,1
"344",344,"24/8/21","Browning","4186-20","CTWABD05B","Mule Deer ",1,1
"345",345,"25/8/21","Browning","4186-20","CTWABD05B","White-tail Deer ",3,3
"346",346,"25/8/21","Browning","4186-20","CTWABD05B","White-tail Deer ",3,3
"347",347,"25/8/21","Browning","4186-20","CTWABD05B","Mule Deer ",3,3
"348",348,"25/8/21","Browning","4186-20","CTWABD05B","Mule Deer ",1,1
"349",349,"25/8/21","Browning","4186-20","CTWABD05B","Deer",1,1
"350",350,"26/8/21","Browning","4186-20","CTWABD05B","Deer",1,1
"351",351,"26/8/21","Browning","4186-20","CTWABD05B","White-tail Deer ",3,3
"352",352,"27/8/21","Browning","4186-20","CTWABD05B","Mule Deer ",2,2
"353",353,"27/8/21","Browning","4186-20","CTWABD05B","Mule Deer ",1,1
"354",354,"27/8/21","Browning","4186-20","CTWABD05B","Mule Deer ",2,1
"355",355,"27/8/21","Browning","4186-20","CTWABD05B","Deer",1,1
"356",356,"28/8/21","Browning","4186-20","CTWABD05B","Mule Deer ",3,3
"357",357,"28/8/21","Browning","4186-20","CTWABD05B","Mule Deer ",2,2
"358",358,"28/8/21","Browning","4186-20","CTWABD05B","Mule Deer ",2,1
"359",359,"30/8/21","Browning","4186-20","CTWABD05B","BB",1,1
"360",360,"1/9/21","Browning","4186-20","CTWABD05B","Deer",1,1
"361",361,"1/9/21","Browning","4186-20","CTWABD05B","Deer",3,3
"362",362,"1/9/21","Browning","4186-20","CTWABD05B","Deer",1,1
"363",363,"1/9/21","Browning","4186-20","CTWABD05B","Deer",1,1
"364",364,"2/9/21","Browning","4186-20","CTWABD05B","White-tail Deer ",4,3
"365",365,"2/9/21","Browning","4186-20","CTWABD05B","White-tail Deer ",3,3
"366",366,"2/9/21","Browning","4186-20","CTWABD05B","BB",1,1
"367",367,"2/9/21","Browning","4186-20","CTWABD05B","White-tail Deer ",3,3
"368",368,"2/9/21","Browning","4186-20","CTWABD05B","White-tail Deer ",2,2
"369",369,"3/9/21","Browning","4186-20","CTWABD05B","White-tail Deer ",2,2
"370",370,"4/9/21","Browning","4186-20","CTWABD05B","White-tail Deer ",2,2
"371",371,"5/9/21","Browning","4186-20","CTWABD05B","White-tail Deer ",1,1
"372",372,"5/9/21","Browning","4186-20","CTWABD05B","Mule Deer ",2,2
"373",373,"5/9/21","Browning","4186-20","CTWABD05B","Deer",2,2
"374",374,"5/9/21","Browning","4186-20","CTWABD05B","Deer",1,1
"375",375,"6/9/21","Browning","4186-20","CTWABD05B","Deer",2,2
"376",376,"6/9/21","Browning","4186-20","CTWABD05B","White-tail Deer ",1,1
"377",377,"6/9/21","Browning","4186-20","CTWABD05B","White-tail Deer ",1,1
"378",378,"7/9/21","Browning","4186-20","CTWABD05B","Mule Deer ",3,3
"379",379,"7/9/21","Browning","4186-20","CTWABD05B","Mule Deer ",3,3
"380",380,"7/9/21","Browning","4186-20","CTWABD05B","Mule Deer ",2,2
"381",381,"7/9/21","Browning","4186-20","CTWABD05B","Mule Deer ",3,3
"382",382,"8/9/21","Browning","4186-20","CTWABD05B","White-tail Deer ",3,3
"383",383,"9/9/21","Browning","4186-20","CTWABD05B","White-tail Deer ",3,3
"384",384,"9/9/21","Browning","4186-20","CTWABD05B","White-tail Deer ",3,NA
"385",385,"9/9/21","Browning","4186-20","CTWABD05B","Deer",1,1
"386",386,"10/9/21","Browning","4186-20","CTWABD05B","Deer",1,1
"387",387,"10/9/21","Browning","4186-20","CTWABD05B","Deer",1,1
"388",388,"11/9/21","Browning","4186-20","CTWABD05B","Deer",1,1
"389",389,"12/9/21","Browning","4186-20","CTWABD05B","Deer",1,1
"390",390,"12/9/21","Browning","4186-20","CTWABD05B","Deer",1,1
"391",391,"12/9/21","Browning","4186-20","CTWABD05B","Deer",1,1
"392",392,"12/9/21","Browning","4186-20","CTWABD05B","Mule Deer ",1,1
"393",393,"13/9/21","Browning","4186-20","CTWABD05B","White-tail Deer ",2,2
"394",394,"13/9/21","Browning","4186-20","CTWABD05B","White-tail Deer ",1,1
"395",395,"14/9/21","Browning","4186-20","CTWABD05B","White-tail Deer ",1,1
"396",396,"15/9/21","Browning","4186-20","CTWABD05B","Mule Deer ",3,3
"397",397,"15/9/21","Browning","4186-20","CTWABD05B","White-tail Deer ",2,2
"398",398,"16/9/21","Browning","4186-20","CTWABD05B","White-tail Deer ",1,1
"399",399,"17/9/21","Browning","4186-20","CTWABD05B","White-tail Deer ",2,2
"400",400,"18/9/21","Browning","4186-20","CTWABD05B","White-tail Deer ",3,3
"401",401,"18/9/21","Browning","4186-20","CTWABD05B","White-tail Deer ",2,2
"402",402,"18/9/21","Browning","4186-20","CTWABD05B","White-tail Deer ",3,3
"403",403,"20/9/21","Browning","4186-20","CTWABD05B","White-tail Deer ",1,1
"404",404,"20/9/21","Browning","4186-20","CTWABD05B","White-tail Deer ",3,3
"405",405,"21/9/21","Browning","4186-20","CTWABD05B","White-tail Deer ",3,3
"406",406,"23/9/21","Browning","4186-20","CTWABD05B","Coyote",1,1
"407",407,"23/9/21","Browning","4186-20","CTWABD05B","Mule Deer ",1,1
"408",408,"23/9/21","Browning","4186-20","CTWABD05B","Deer",1,1
"409",409,"24/9/21","Browning","4186-20","CTWABD05B","Mule Deer ",1,1
"410",410,"24/9/21","Browning","4186-20","CTWABD05B","Cow ",8,8
"411",411,"24/9/21","Browning","4186-20","CTWABD05B","Cow ",7,7
"412",412,"24/9/21","Browning","4186-20","CTWABD05B","Cow ",4,4
"413",413,"24/9/21","Browning","4186-20","CTWABD05B","Cow ",1,1
"414",414,"26/9/21","Browning","4186-20","CTWABD05B","White-tail Deer ",2,2
"415",415,"26/9/21","Browning","4186-20","CTWABD05B","White-tail Deer ",1,1
"416",416,"26/9/21","Browning","4186-20","CTWABD05B","Deer",1,1
"417",417,"27/9/21","Browning","4186-20","CTWABD05B","Mule Deer ",1,1
"418",418,"27/9/21","Browning","4186-20","CTWABD05B","Deer",1,1
"419",419,"27/9/21","Browning","4186-20","CTWABD05B","Cow ",2,2
"420",420,"29/9/21","Browning","4186-20","CTWABD05B","Human",3,3
"421",421,"23/8/21","RECONYX","9164","CTWABD05A","Wild Turkey",1,1
"422",422,"19/9/21","RECONYX","9164","CTWABD05A","BB",1,1
"423",423,"26/7/21","Browning","7196-2","CTWABD06C","Lagomorph",1,1
"424",424,"27/7/21","Browning","7196-2","CTWABD06C","Lagomorph",1,1
"425",425,"27/7/21","Browning","7196-2","CTWABD06C","Douglas Squirrel",1,1
"426",426,"27/7/21","Browning","7196-2","CTWABD06C","Cow ",3,2
"427",427,"28/7/21","Browning","7196-2","CTWABD06C","Lagomorph",1,1
"428",428,"28/7/21","Browning","7196-2","CTWABD06C","Lagomorph",1,1
"429",429,"28/7/21","Browning","7196-2","CTWABD06C","Lagomorph",1,1
"430",430,"28/7/21","Browning","7196-2","CTWABD06C","Lagomorph",2,2
"431",431,"28/7/21","Browning","7196-2","CTWABD06C","Cow ",3,2
"432",432,"29/7/21","Browning","7196-2","CTWABD06C","Lagomorph",1,1
"433",433,"29/7/21","Browning","7196-2","CTWABD06C","Lagomorph",1,1
"434",434,"29/7/21","Browning","7196-2","CTWABD06C","Squirrel",1,1
"435",435,"29/7/21","Browning","7196-2","CTWABD06C","Cow ",1,1
"436",436,"30/7/21","Browning","7196-2","CTWABD06C","Lagomorph",1,1
"437",437,"30/7/21","Browning","7196-2","CTWABD06C","White-tail Deer ",1,1
"438",438,"30/7/21","Browning","7196-2","CTWABD06C","Cow ",1,1
"439",439,"31/7/21","Browning","7196-2","CTWABD06C","Lagomorph",1,1
"440",440,"31/7/21","Browning","7196-2","CTWABD06C","Lagomorph",1,1
"441",441,"31/7/21","Browning","7196-2","CTWABD06C","Cow ",1,1
"442",442,"31/7/21","Browning","7196-2","CTWABD06C","White-tail Deer ",2,2
"443",443,"31/7/21","Browning","7196-2","CTWABD06C","Lagomorph",1,1
"444",444,"1/8/21","Browning","7196-2","CTWABD06C","Lagomorph",1,1
"445",445,"1/8/21","Browning","7196-2","CTWABD06C","Squirrel",1,1
"446",446,"1/8/21","Browning","7196-2","CTWABD06C","Snowshoe Hare",1,1
"447",447,"1/8/21","Browning","7196-2","CTWABD06C","White-tail Deer ",1,1
"448",448,"1/8/21","Browning","7196-2","CTWABD06C","Lagomorph",1,1
"449",449,"2/8/21","Browning","7196-2","CTWABD06C","Squirrel",1,1
"450",450,"2/8/21","Browning","7196-2","CTWABD06C","Cow ",3,2
"451",451,"2/8/21","Browning","7196-2","CTWABD06C","Squirrel",1,1
"452",452,"2/8/21","Browning","7196-2","CTWABD06C","Lagomorph",1,1
"453",453,"3/8/21","Browning","7196-2","CTWABD06C","Lagomorph",1,1
"454",454,"3/8/21","Browning","7196-2","CTWABD06C","Squirrel",1,1
"455",455,"3/8/21","Browning","7196-2","CTWABD06C","Nuttall Cottontail ",1,1
"456",456,"3/8/21","Browning","7196-2","CTWABD06C","White-tail Deer ",1,1
"457",457,"3/8/21","Browning","7196-2","CTWABD06C","Squirrel",1,1
"458",458,"3/8/21","Browning","7196-2","CTWABD06C","Snowshoe Hare",1,1
"459",459,"3/8/21","Browning","7196-2","CTWABD06C","Lagomorph",1,1
"460",460,"4/8/21","Browning","7196-2","CTWABD06C","Cow ",3,1
"461",461,"4/8/21","Browning","7196-2","CTWABD06C","Cow ",1,1
"462",462,"4/8/21","Browning","7196-2","CTWABD06C","Coyote",1,1
"463",463,"4/8/21","Browning","7196-2","CTWABD06C","Snowshoe Hare",1,1
"464",464,"4/8/21","Browning","7196-2","CTWABD06C","Lagomorph",1,1
"465",465,"4/8/21","Browning","7196-2","CTWABD06C","Lagomorph",1,1
"466",466,"5/8/21","Browning","7196-2","CTWABD06C","Lagomorph",1,1
"467",467,"5/8/21","Browning","7196-2","CTWABD06C","Lagomorph",1,1
"468",468,"5/8/21","Browning","7196-2","CTWABD06C","Squirrel",1,1
"469",469,"5/8/21","Browning","7196-2","CTWABD06C","Snowshoe Hare",1,1
"470",470,"5/8/21","Browning","7196-2","CTWABD06C","Squirrel",1,1
"471",471,"5/8/21","Browning","7196-2","CTWABD06C","Squirrel",1,1
"472",472,"5/8/21","Browning","7196-2","CTWABD06C","Dog",3,2
"473",473,"5/8/21","Browning","7196-2","CTWABD06C","Human",1,1
"474",474,"6/8/21","Browning","7196-2","CTWABD06C","Lagomorph",1,1
"475",475,"6/8/21","Browning","7196-2","CTWABD06C","Lagomorph",1,1
"476",476,"6/8/21","Browning","7196-2","CTWABD06C","Lagomorph",1,1
"477",477,"7/8/21","Browning","7196-2","CTWABD06C","Lagomorph",1,1
"478",478,"7/8/21","Browning","7196-2","CTWABD06C","Lagomorph",1,1
"479",479,"7/8/21","Browning","7196-2","CTWABD06C","Snowshoe Hare",1,1
"480",480,"7/8/21","Browning","7196-2","CTWABD06C","Snowshoe Hare",1,1
"481",481,"7/8/21","Browning","7196-2","CTWABD06C","UNKNOWN Bird",4,4
"482",482,"8/8/21","Browning","7196-2","CTWABD06C","Coyote",1,1
"483",483,"8/8/21","Browning","7196-2","CTWABD06C","Lagomorph",1,1
"484",484,"8/8/21","Browning","7196-2","CTWABD06C","Squirrel",1,1
"485",485,"8/8/21","Browning","7196-2","CTWABD06C","Snowshoe Hare",1,1
"486",486,"8/8/21","Browning","7196-2","CTWABD06C","Lagomorph",1,1
"487",487,"9/8/21","Browning","7196-2","CTWABD06C","Lagomorph",1,1
"488",488,"9/8/21","Browning","7196-2","CTWABD06C","Lagomorph",1,1
"489",489,"10/8/21","Browning","7196-2","CTWABD06C","Lagomorph",1,1
"490",490,"10/8/21","Browning","7196-2","CTWABD06C","Lagomorph",1,1
"491",491,"10/8/21","Browning","7196-2","CTWABD06C","Lagomorph",1,1
"492",492,"11/8/21","Browning","7196-2","CTWABD06C","Lagomorph",1,1
"493",493,"11/8/21","Browning","7196-2","CTWABD06C","Deer",1,1
"494",494,"12/8/21","Browning","7196-2","CTWABD06C","Lagomorph",1,1
"495",495,"12/8/21","Browning","7196-2","CTWABD06C","Lagomorph",1,1
"496",496,"12/8/21","Browning","7196-2","CTWABD06C","Squirrel",1,1
"497",497,"12/8/21","Browning","7196-2","CTWABD06C","Cow ",3,2
"498",498,"12/8/21","Browning","7196-2","CTWABD06C","Coyote",1,1
"499",499,"12/8/21","Browning","7196-2","CTWABD06C","Cow ",3,2
"500",500,"12/8/21","Browning","7196-2","CTWABD06C","Lagomorph",1,1
"501",501,"13/8/21","Browning","7196-2","CTWABD06C","Lagomorph",1,1
"502",502,"13/8/21","Browning","7196-2","CTWABD06C","Lagomorph",1,1
"503",503,"13/8/21","Browning","7196-2","CTWABD06C","White-tail Deer ",1,1
"504",504,"13/8/21","Browning","7196-2","CTWABD06C","White-tail Deer ",2,2
"505",505,"14/8/21","Browning","7196-2","CTWABD06C","Lagomorph",1,1
"506",506,"14/8/21","Browning","7196-2","CTWABD06C","Cow ",1,1
"507",507,"14/8/21","Browning","7196-2","CTWABD06C","Cow ",2,2
"508",508,"14/8/21","Browning","7196-2","CTWABD06C","Cow ",4,4
"509",509,"14/8/21","Browning","7196-2","CTWABD06C","Cow ",1,1
"510",510,"14/8/21","Browning","7196-2","CTWABD06C","Lagomorph",1,1
"511",511,"14/8/21","Browning","7196-2","CTWABD06C","Lagomorph",1,1
"512",512,"14/8/21","Browning","7196-2","CTWABD06C","Cow ",3,2
"513",513,"15/8/21","Browning","7196-2","CTWABD06C","Lagomorph",2,2
"514",514,"15/8/21","Browning","7196-2","CTWABD06C","Lagomorph",2,NA
"515",515,"15/8/21","Browning","7196-2","CTWABD06C","Lagomorph",1,1
"516",516,"15/8/21","Browning","7196-2","CTWABD06C","Cow ",1,1
"517",517,"15/8/21","Browning","7196-2","CTWABD06C","Lagomorph",1,1
"518",518,"15/8/21","Browning","7196-2","CTWABD06C","Cow ",1,1
"519",519,"15/8/21","Browning","7196-2","CTWABD06C","Snowshoe Hare",1,1
"520",520,"15/8/21","Browning","7196-2","CTWABD06C","Cow ",1,1
"521",521,"15/8/21","Browning","7196-2","CTWABD06C","Lagomorph",1,1
"522",522,"16/8/21","Browning","7196-2","CTWABD06C","Lagomorph",1,1
"523",523,"16/8/21","Browning","7196-2","CTWABD06C","Lagomorph",1,1
"524",524,"16/8/21","Browning","7196-2","CTWABD06C","Wild Turkey",1,1
"525",525,"17/8/21","Browning","7196-2","CTWABD06C","Lagomorph",1,1
"526",526,"17/8/21","Browning","7196-2","CTWABD06C","Lagomorph",1,1
"527",527,"18/8/21","Browning","7196-2","CTWABD06C","Lagomorph",2,1
"528",528,"18/8/21","Browning","7196-2","CTWABD06C","Lagomorph",1,1
"529",529,"18/8/21","Browning","7196-2","CTWABD06C","Snowshoe Hare",1,1
"530",530,"18/8/21","Browning","7196-2","CTWABD06C","Squirrel",1,1
"531",531,"18/8/21","Browning","7196-2","CTWABD06C","Snowshoe Hare",1,1
"532",532,"18/8/21","Browning","7196-2","CTWABD06C","Lagomorph",3,2
"533",533,"18/8/21","Browning","7196-2","CTWABD06C","Lagomorph",1,1
"534",534,"18/8/21","Browning","7196-2","CTWABD06C","Lagomorph",3,2
"535",535,"19/8/21","Browning","7196-2","CTWABD06C","Lagomorph",1,1
"536",536,"19/8/21","Browning","7196-2","CTWABD06C","Lagomorph",1,1
"537",537,"19/8/21","Browning","7196-2","CTWABD06C","Lagomorph",1,1
"538",538,"19/8/21","Browning","7196-2","CTWABD06C","Lagomorph",1,1
"539",539,"19/8/21","Browning","7196-2","CTWABD06C","Lagomorph",1,1
"540",540,"19/8/21","Browning","7196-2","CTWABD06C","Lagomorph",1,1
"541",541,"20/8/21","Browning","7196-2","CTWABD06C","Lagomorph",1,1
"542",542,"20/8/21","Browning","7196-2","CTWABD06C","Lagomorph",2,2
"543",543,"20/8/21","Browning","7196-2","CTWABD06C","Lagomorph",1,1
"544",544,"20/8/21","Browning","7196-2","CTWABD06C","Lagomorph",1,1
"545",545,"20/8/21","Browning","7196-2","CTWABD06C","Lagomorph",1,1
"546",546,"20/8/21","Browning","7196-2","CTWABD06C","Cow ",3,2
"547",547,"20/8/21","Browning","7196-2","CTWABD06C","Cow ",1,1
"548",548,"20/8/21","Browning","7196-2","CTWABD06C","Lagomorph",1,1
"549",549,"20/8/21","Browning","7196-2","CTWABD06C","Lagomorph",1,1
"550",550,"21/8/21","Browning","7196-2","CTWABD06C","Squirrel",NA,NA
"551",551,"21/8/21","Browning","7196-2","CTWABD06C","Lagomorph",1,1
"552",552,"21/8/21","Browning","7196-2","CTWABD06C","Lagomorph",1,1
"553",553,"22/8/21","Browning","7196-2","CTWABD06C","Lagomorph",1,1
"554",554,"22/8/21","Browning","7196-2","CTWABD06C","Lagomorph",1,1
"555",555,"22/8/21","Browning","7196-2","CTWABD06C","Lagomorph",1,1
"556",556,"22/8/21","Browning","7196-2","CTWABD06C","Wild Turkey",1,1
"557",557,"22/8/21","Browning","7196-2","CTWABD06C","White-tail Deer ",1,1
"558",558,"22/8/21","Browning","7196-2","CTWABD06C","Lagomorph",1,1
"559",559,"22/8/21","Browning","7196-2","CTWABD06C","Lagomorph",1,1
"560",560,"22/8/21","Browning","7196-2","CTWABD06C","Lagomorph",1,1
"561",561,"23/8/21","Browning","7196-2","CTWABD06C","Lagomorph",1,1
"562",562,"23/8/21","Browning","7196-2","CTWABD06C","Lagomorph",1,1
"563",563,"23/8/21","Browning","7196-2","CTWABD06C","Lagomorph",1,NA
"564",564,"23/8/21","Browning","7196-2","CTWABD06C","Lagomorph",1,1
"565",565,"24/8/21","Browning","7196-2","CTWABD06C","Lagomorph",1,1
"566",566,"24/8/21","Browning","7196-2","CTWABD06C","Squirrel",1,1
"567",567,"24/8/21","Browning","7196-2","CTWABD06C","Snowshoe Hare",1,1
"568",568,"24/8/21","Browning","7196-2","CTWABD06C","Lagomorph",2,2
"569",569,"24/8/21","Browning","7196-2","CTWABD06C","Lagomorph",1,1
"570",570,"25/8/21","Browning","7196-2","CTWABD06C","Lagomorph",1,1
"571",571,"25/8/21","Browning","7196-2","CTWABD06C","Lagomorph",1,1
"572",572,"25/8/21","Browning","7196-2","CTWABD06C","UNKNOWN",1,1
"573",573,"25/8/21","Browning","7196-2","CTWABD06C","BB",1,1
"574",574,"25/8/21","Browning","7196-2","CTWABD06C","BB",1,1
"575",575,"25/8/21","Browning","7196-2","CTWABD06C","Lagomorph",1,1
"576",576,"26/8/21","Browning","7196-2","CTWABD06C","Lagomorph",1,1
"577",577,"26/8/21","Browning","7196-2","CTWABD06C","Lagomorph",1,1
"578",578,"26/8/21","Browning","7196-2","CTWABD06C","Lagomorph",2,2
"579",579,"26/8/21","Browning","7196-2","CTWABD06C","Lagomorph",1,1
"580",580,"26/8/21","Browning","7196-2","CTWABD06C","Deer",1,1
"581",581,"26/8/21","Browning","7196-2","CTWABD06C","Lagomorph",1,1
"582",582,"26/8/21","Browning","7196-2","CTWABD06C","Lagomorph",1,1
"583",583,"27/8/21","Browning","7196-2","CTWABD06C","Lagomorph",1,1
"584",584,"27/8/21","Browning","7196-2","CTWABD06C","Squirrel",1,1
"585",585,"27/8/21","Browning","7196-2","CTWABD06C","Lagomorph",2,2
"586",586,"28/8/21","Browning","7196-2","CTWABD06C","Lagomorph",1,1
"587",587,"28/8/21","Browning","7196-2","CTWABD06C","Lagomorph",1,1
"588",588,"28/8/21","Browning","7196-2","CTWABD06C","White-tail Deer ",1,1
"589",589,"28/8/21","Browning","7196-2","CTWABD06C","Lagomorph",2,2
"590",590,"28/8/21","Browning","7196-2","CTWABD06C","Lagomorph",1,1
"591",591,"29/8/21","Browning","7196-2","CTWABD06C","Lagomorph",1,1
"592",592,"29/8/21","Browning","7196-2","CTWABD06C","Lagomorph",1,1
"593",593,"29/8/21","Browning","7196-2","CTWABD06C","Lagomorph",1,1
"594",594,"29/8/21","Browning","7196-2","CTWABD06C","Lagomorph",1,1
"595",595,"29/8/21","Browning","7196-2","CTWABD06C","Lagomorph",1,1
"596",596,"30/8/21","Browning","7196-2","CTWABD06C","Lynx",1,1
"597",597,"30/8/21","Browning","7196-2","CTWABD06C","Squirrel",1,1
"598",598,"30/8/21","Browning","7196-2","CTWABD06C","Lagomorph",1,1
"599",599,"31/8/21","Browning","7196-2","CTWABD06C","Lagomorph",1,1
"600",600,"31/8/21","Browning","7196-2","CTWABD06C","Lagomorph",1,1
"601",601,"31/8/21","Browning","7196-2","CTWABD06C","Lagomorph",1,1
"602",602,"31/8/21","Browning","7196-2","CTWABD06C","Squirrel",1,1
"603",603,"31/8/21","Browning","7196-2","CTWABD06C","Lagomorph",1,1
"604",604,"1/9/21","Browning","7196-2","CTWABD06C","Lagomorph",1,1
"605",605,"1/9/21","Browning","7196-2","CTWABD06C","Lagomorph",1,1
"606",606,"1/9/21","Browning","7196-2","CTWABD06C","Lagomorph",1,1
"607",607,"1/9/21","Browning","7196-2","CTWABD06C","Lagomorph",1,1
"608",608,"1/9/21","Browning","7196-2","CTWABD06C","Cow ",1,1
"609",609,"1/9/21","Browning","7196-2","CTWABD06C","Lagomorph",2,2
"610",610,"1/9/21","Browning","7196-2","CTWABD06C","Lagomorph",1,1
"611",611,"2/9/21","Browning","7196-2","CTWABD06C","Lagomorph",1,1
"612",612,"2/9/21","Browning","7196-2","CTWABD06C","Lagomorph",1,1
"613",613,"2/9/21","Browning","7196-2","CTWABD06C","Cow ",2,1
"614",614,"2/9/21","Browning","7196-2","CTWABD06C","Lagomorph",1,1
"615",615,"2/9/21","Browning","7196-2","CTWABD06C","Lagomorph",1,1
"616",616,"3/9/21","Browning","7196-2","CTWABD06C","Lagomorph",2,1
"617",617,"3/9/21","Browning","7196-2","CTWABD06C","Snowshoe Hare",1,1
"618",618,"4/9/21","Browning","7196-2","CTWABD06C","Lagomorph",1,1
"619",619,"4/9/21","Browning","7196-2","CTWABD06C","Lagomorph",1,1
"620",620,"4/9/21","Browning","7196-2","CTWABD06C","Lagomorph",1,1
"621",621,"4/9/21","Browning","7196-2","CTWABD06C","Cow ",2,2
"622",622,"4/9/21","Browning","7196-2","CTWABD06C","Cow ",1,1
"623",623,"4/9/21","Browning","7196-2","CTWABD06C","Lagomorph",1,1
"624",624,"4/9/21","Browning","7196-2","CTWABD06C","Lagomorph",1,1
"625",625,"5/9/21","Browning","7196-2","CTWABD06C","Lagomorph",1,1
"626",626,"5/9/21","Browning","7196-2","CTWABD06C","Lagomorph",1,1
"627",627,"5/9/21","Browning","7196-2","CTWABD06C","Squirrel",1,1
"628",628,"5/9/21","Browning","7196-2","CTWABD06C","Cow ",1,1
"629",629,"5/9/21","Browning","7196-2","CTWABD06C","Lagomorph",1,1
"630",630,"5/9/21","Browning","7196-2","CTWABD06C","White-tail Deer ",1,1
"631",631,"5/9/21","Browning","7196-2","CTWABD06C","Lagomorph",1,1
"632",632,"6/9/21","Browning","7196-2","CTWABD06C","Lagomorph",1,1
"633",633,"6/9/21","Browning","7196-2","CTWABD06C","Lagomorph",1,1
"634",634,"6/9/21","Browning","7196-2","CTWABD06C","Lagomorph",1,1
"635",635,"6/9/21","Browning","7196-2","CTWABD06C","Lagomorph",2,2
"636",636,"6/9/21","Browning","7196-2","CTWABD06C","Lagomorph",1,1
"637",637,"6/9/21","Browning","7196-2","CTWABD06C","Lagomorph",1,1
"638",638,"6/9/21","Browning","7196-2","CTWABD06C","Lagomorph",1,1
"639",639,"7/9/21","Browning","7196-2","CTWABD06C","Lagomorph",1,1
"640",640,"7/9/21","Browning","7196-2","CTWABD06C","Lagomorph",1,1
"641",641,"7/9/21","Browning","7196-2","CTWABD06C","Lagomorph",1,1
"642",642,"7/9/21","Browning","7196-2","CTWABD06C","Lagomorph",1,1
"643",643,"7/9/21","Browning","7196-2","CTWABD06C","Lagomorph",1,1
"644",644,"8/9/21","Browning","7196-2","CTWABD06C","Lagomorph",1,1
"645",645,"8/9/21","Browning","7196-2","CTWABD06C","Lagomorph",1,1
"646",646,"8/9/21","Browning","7196-2","CTWABD06C","Lagomorph",2,2
"647",647,"8/9/21","Browning","7196-2","CTWABD06C","Squirrel",1,1
"648",648,"8/9/21","Browning","7196-2","CTWABD06C","Cow ",3,3
"649",649,"8/9/21","Browning","7196-2","CTWABD06C","Cow ",4,4
"650",650,"8/9/21","Browning","7196-2","CTWABD06C","Lagomorph",1,1
"651",651,"8/9/21","Browning","7196-2","CTWABD06C","Lagomorph",1,1
"652",652,"8/9/21","Browning","7196-2","CTWABD06C","Lagomorph",1,1
"653",653,"9/9/21","Browning","7196-2","CTWABD06C","UNKNOWN",1,1
"654",654,"9/9/21","Browning","7196-2","CTWABD06C","Lagomorph",1,1
"655",655,"9/9/21","Browning","7196-2","CTWABD06C","Lagomorph",1,1
"656",656,"10/9/21","Browning","7196-2","CTWABD06C","Lagomorph",2,1
"657",657,"10/9/21","Browning","7196-2","CTWABD06C","Cow ",3,3
"658",658,"10/9/21","Browning","7196-2","CTWABD06C","Squirrel",1,1
"659",659,"11/9/21","Browning","7196-2","CTWABD06C","Lagomorph",1,1
"660",660,"11/9/21","Browning","7196-2","CTWABD06C","Lagomorph",1,1
"661",661,"11/9/21","Browning","7196-2","CTWABD06C","Lagomorph",1,1
"662",662,"11/9/21","Browning","7196-2","CTWABD06C","Lagomorph",1,1
"663",663,"12/9/21","Browning","7196-2","CTWABD06C","Lagomorph",1,1
"664",664,"12/9/21","Browning","7196-2","CTWABD06C","coyote",1,1
"665",665,"12/9/21","Browning","7196-2","CTWABD06C","Snowshoe Hare",1,1
"666",666,"12/9/21","Browning","7196-2","CTWABD06C","White-tail Deer ",1,1
"667",667,"12/9/21","Browning","7196-2","CTWABD06C","Lagomorph",1,1
"668",668,"12/9/21","Browning","7196-2","CTWABD06C","Lagomorph",1,1
"669",669,"13/9/21","Browning","7196-2","CTWABD06C","Lagomorph",1,1
"670",670,"13/9/21","Browning","7196-2","CTWABD06C","Coyote",1,1
"671",671,"13/9/21","Browning","7196-2","CTWABD06C","Lagomorph",1,1
"672",672,"13/9/21","Browning","7196-2","CTWABD06C","Lagomorph",1,1
"673",673,"14/9/21","Browning","7196-2","CTWABD06C","Lagomorph",1,1
"674",674,"14/9/21","Browning","7196-2","CTWABD06C","White-tail Deer ",1,1
"675",675,"14/9/21","Browning","7196-2","CTWABD06C","Lagomorph",1,1
"676",676,"14/9/21","Browning","7196-2","CTWABD06C","Lagomorph",1,1
"677",677,"14/9/21","Browning","7196-2","CTWABD06C","Lagomorph",1,1
"678",678,"15/9/21","Browning","7196-2","CTWABD06C","Lagomorph",1,1
"679",679,"15/9/21","Browning","7196-2","CTWABD06C","Snowshoe Hare",1,1
"680",680,"16/9/21","Browning","7196-2","CTWABD06C","Lagomorph",1,1
"681",681,"16/9/21","Browning","7196-2","CTWABD06C","Lagomorph",1,1
"682",682,"16/9/21","Browning","7196-2","CTWABD06C","Lagomorph",1,1
"683",683,"16/9/21","Browning","7196-2","CTWABD06C","Lagomorph",1,1
"684",684,"16/9/21","Browning","7196-2","CTWABD06C","coyote",2,1
"685",685,"17/9/21","Browning","7196-2","CTWABD06C","Lagomorph",1,1
"686",686,"17/9/21","Browning","7196-2","CTWABD06C","Lagomorph",1,1
"687",687,"17/9/21","Browning","7196-2","CTWABD06C","Lagomorph",1,1
"688",688,"18/9/21","Browning","7196-2","CTWABD06C","Lagomorph",1,1
"689",689,"18/9/21","Browning","7196-2","CTWABD06C","Lagomorph",1,1
"690",690,"18/9/21","Browning","7196-2","CTWABD06C","Lagomorph",1,1
"691",691,"18/9/21","Browning","7196-2","CTWABD06C","coyote",1,1
"692",692,"19/9/21","Browning","7196-2","CTWABD06C","Lagomorph",1,1
"693",693,"19/9/21","Browning","7196-2","CTWABD06C","Lagomorph",1,1
"694",694,"19/9/21","Browning","7196-2","CTWABD06C","Lagomorph",1,1
"695",695,"19/9/21","Browning","7196-2","CTWABD06C","Lagomorph",1,1
"696",696,"19/9/21","Browning","7196-2","CTWABD06C","Squirrel",1,1
"697",697,"19/9/21","Browning","7196-2","CTWABD06C","White-tail Deer ",1,1
"698",698,"19/9/21","Browning","7196-2","CTWABD06C","Lagomorph",1,1
"699",699,"20/9/21","Browning","7196-2","CTWABD06C","Lagomorph",1,1
"700",700,"20/9/21","Browning","7196-2","CTWABD06C","grouse or turkey",1,1
"701",701,"20/9/21","Browning","7196-2","CTWABD06C","Lagomorph",1,1
"702",702,"20/9/21","Browning","7196-2","CTWABD06C","Lagomorph",1,1
"703",703,"21/9/21","Browning","7196-2","CTWABD06C","Lagomorph",1,1
"704",704,"21/9/21","Browning","7196-2","CTWABD06C","COYOTE",1,1
"705",705,"21/9/21","Browning","7196-2","CTWABD06C","grouse or turkey",2,2
"706",706,"21/9/21","Browning","7196-2","CTWABD06C","Lagomorph",1,1
"707",707,"21/9/21","Browning","7196-2","CTWABD06C","Lagomorph",1,1
"708",708,"22/9/21","Browning","7196-2","CTWABD06C","Lagomorph",1,1
"709",709,"22/9/21","Browning","7196-2","CTWABD06C","Squirrel",1,1
"710",710,"22/9/21","Browning","7196-2","CTWABD06C","Lagomorph",1,1
"711",711,"22/9/21","Browning","7196-2","CTWABD06C","Lagomorph",1,1
"712",712,"22/9/21","Browning","7196-2","CTWABD06C","Lagomorph",1,1
"713",713,"23/9/21","Browning","7196-2","CTWABD06C","Lagomorph",1,1
"714",714,"23/9/21","Browning","7196-2","CTWABD06C","Lagomorph",1,1
"715",715,"23/9/21","Browning","7196-2","CTWABD06C","Squirrel",1,1
"716",716,"23/9/21","Browning","7196-2","CTWABD06C","Lagomorph",1,1
"717",717,"23/9/21","Browning","7196-2","CTWABD06C","Lagomorph",1,1
"718",718,"23/9/21","Browning","7196-2","CTWABD06C","Lagomorph",1,1
"719",719,"24/9/21","Browning","7196-2","CTWABD06C","Squirrel",1,1
"720",720,"24/9/21","Browning","7196-2","CTWABD06C","Snowshoe Hare",1,1
"721",721,"24/9/21","Browning","7196-2","CTWABD06C","Striped skunk",1,1
"722",722,"24/9/21","Browning","7196-2","CTWABD06C","Lagomorph",1,1
"723",723,"25/9/21","Browning","7196-2","CTWABD06C","Lagomorph",1,1
"724",724,"25/9/21","Browning","7196-2","CTWABD06C","Squirrel",1,1
"725",725,"25/9/21","Browning","7196-2","CTWABD06C","Cow ",3,2
"726",726,"25/9/21","Browning","7196-2","CTWABD06C","Lagomorph",1,1
"727",727,"25/9/21","Browning","7196-2","CTWABD06C","Lagomorph",1,1
"728",728,"26/9/21","Browning","7196-2","CTWABD06C","Lagomorph",1,1
"729",729,"26/9/21","Browning","7196-2","CTWABD06C","Lagomorph",1,1
"730",730,"26/9/21","Browning","7196-2","CTWABD06C","Lagomorph",1,1
"731",731,"26/9/21","Browning","7196-2","CTWABD06C","Lagomorph",1,1
"732",732,"27/9/21","Browning","7196-2","CTWABD06C","Lagomorph",1,1
"733",733,"28/9/21","Browning","7196-2","CTWABD06C","Lagomorph",1,1
"734",734,"29/9/21","Browning","7196-2","CTWABD06C","Lagomorph",1,1
"735",735,"29/9/21","Browning","7196-2","CTWABD06C","Squirrel",1,1
"736",736,"30/9/21","Browning","7196-2","CTWABD06C","Lagomorph",1,1
"737",737,"1/10/21","Browning","7196-2","CTWABD06C","Lagomorph",1,1
"738",738,"27/7/21","Browning","7196-4","CTWABD06A","Cow ",4,1
"739",739,"27/7/21","Browning","7196-4","CTWABD06A","Cow ",1,1
"740",740,"27/7/21","Browning","7196-4","CTWABD06A","Coyote",1,1
"741",741,"27/7/21","Browning","7196-4","CTWABD06A","Coyote",1,1
"742",742,"28/7/21","Browning","7196-4","CTWABD06A","Cow ",1,1
"743",743,"28/7/21","Browning","7196-4","CTWABD06A","Cow ",2,1
"744",744,"29/7/21","Browning","7196-4","CTWABD06A","White-tail Deer ",1,1
"745",745,"30/7/21","Browning","7196-4","CTWABD06A","Lagomorph",1,1
"746",746,"31/7/21","Browning","7196-4","CTWABD06A","Lagomorph",1,1
"747",747,"3/8/21","Browning","7196-4","CTWABD06A","Lagomorph",1,1
"748",748,"3/8/21","Browning","7196-4","CTWABD06A","Lagomorph",1,1
"749",749,"4/8/21","Browning","7196-4","CTWABD06A","Lagomorph",1,1
"750",750,"4/8/21","Browning","7196-4","CTWABD06A","White-tail Deer ",1,1
"751",751,"5/8/21","Browning","7196-4","CTWABD06A","Dog",1,1
"752",752,"5/8/21","Browning","7196-4","CTWABD06A","Human",1,1
"753",753,"5/8/21","Browning","7196-4","CTWABD06A","Horse",1,1
"754",754,"5/8/21","Browning","7196-4","CTWABD06A","White-tail Deer ",1,1
"755",755,"5/8/21","Browning","7196-4","CTWABD06A","Mule Deer ",1,1
"756",756,"7/8/21","Browning","7196-4","CTWABD06A","Lagomorph",1,1
"757",757,"7/8/21","Browning","7196-4","CTWABD06A","Lagomorph",1,1
"758",758,"7/8/21","Browning","7196-4","CTWABD06A","Mule Deer ",1,1
"759",759,"7/8/21","Browning","7196-4","CTWABD06A","White-tail Deer ",3,3
"760",760,"7/8/21","Browning","7196-4","CTWABD06A","Lagomorph",1,1
"761",761,"9/8/21","Browning","7196-4","CTWABD06A","Lagomorph",1,1
"762",762,"10/8/21","Browning","7196-4","CTWABD06A","Lagomorph",1,1
"763",763,"10/8/21","Browning","7196-4","CTWABD06A","White-tail Deer ",1,1
"764",764,"10/8/21","Browning","7196-4","CTWABD06A","Lagomorph",1,1
"765",765,"11/8/21","Browning","7196-4","CTWABD06A","Unknown bird",4,4
"766",766,"11/8/21","Browning","7196-4","CTWABD06A","White-tail Deer ",1,1
"767",767,"12/8/21","Browning","7196-4","CTWABD06A","Cow ",4,3
"768",768,"12/8/21","Browning","7196-4","CTWABD06A","Cow ",3,1
"769",769,"12/8/21","Browning","7196-4","CTWABD06A","Cow ",2,1
"770",770,"15/8/21","Browning","7196-4","CTWABD06A","Cow ",3,2
"771",771,"15/8/21","Browning","7196-4","CTWABD06A","Cow ",2,1
"772",772,"18/8/21","Browning","7196-4","CTWABD06A","White-tail Deer ",1,1
"773",773,"18/8/21","Browning","7196-4","CTWABD06A","White-tail Deer ",1,1
"774",774,"18/8/21","Browning","7196-4","CTWABD06A","White-tail Deer ",1,1
"775",775,"21/8/21","Browning","7196-4","CTWABD06A","White-tail Deer ",1,1
"776",776,"22/8/21","Browning","7196-4","CTWABD06A","Wild Turkey",1,1
"777",777,"25/8/21","Browning","7196-4","CTWABD06A","BB",1,1
"778",778,"27/8/21","Browning","7196-4","CTWABD06A","White-tail Deer ",1,1
"779",779,"27/8/21","Browning","7196-4","CTWABD06A","White-tail Deer ",3,3
"780",780,"30/8/21","Browning","7196-4","CTWABD06A","BB",1,1
"781",781,"31/8/21","Browning","7196-4","CTWABD06A","mountain lion",1,1
"782",782,"1/9/21","Browning","7196-4","CTWABD06A","White-tail Deer ",1,1
"783",783,"1/9/21","Browning","7196-4","CTWABD06A","Cow ",1,1
"784",784,"2/9/21","Browning","7196-4","CTWABD06A","Cow ",1,1
"785",785,"2/9/21","Browning","7196-4","CTWABD06A","Deer",1,1
"786",786,"4/9/21","Browning","7196-4","CTWABD06A","Deer",1,1
"787",787,"5/9/21","Browning","7196-4","CTWABD06A","Mule Deer ",2,2
"788",788,"5/9/21","Browning","7196-4","CTWABD06A","Cow ",1,1
"789",789,"8/9/21","Browning","7196-4","CTWABD06A","Cow ",3,1
"790",790,"9/9/21","Browning","7196-4","CTWABD06A","White-tail Deer ",2,2
"791",791,"10/9/21","Browning","7196-4","CTWABD06A","Cow ",1,1
"792",792,"11/9/21","Browning","7196-4","CTWABD06A","White-tail Deer ",1,1
"793",793,"12/9/21","Browning","7196-4","CTWABD06A","Cow ",1,1
"794",794,"13/9/21","Browning","7196-4","CTWABD06A","White-tail Deer ",1,1
"795",795,"13/9/21","Browning","7196-4","CTWABD06A","Lagomorph",1,1
"796",796,"15/9/21","Browning","7196-4","CTWABD06A","Coyote",1,1
"797",797,"18/9/21","Browning","7196-4","CTWABD06A","Coyote",1,1
"798",798,"18/9/21","Browning","7196-4","CTWABD06A","White-tail Deer ",1,1
"799",799,"18/9/21","Browning","7196-4","CTWABD06A","Coyote",1,1
"800",800,"21/9/21","Browning","7196-4","CTWABD06A","Coyote",1,1
"801",801,"24/9/21","Browning","7196-4","CTWABD06A","White-tail Deer ",1,1
"802",802,"25/9/21","Browning","7196-4","CTWABD06A","Lagomorph",1,1
"803",803,"28/9/21","Browning","7196-4","CTWABD06A","Deer",2,2
"804",804,"29/9/21","Browning","7196-4","CTWABD06A","Lagomorph",1,1
"805",805,"30/9/21","Browning","7196-4","CTWABD06A","Lagomorph",1,1
"806",806,"25/7/21","Browning","7196-6","CTWABD06B","Cow ",3,2
"807",807,"25/7/21","Browning","7196-6","CTWABD06B","Human",1,1
"808",808,"26/7/21","Browning","7196-6","CTWABD06B","White-tail Deer ",2,1
"809",809,"26/7/21","Browning","7196-6","CTWABD06B","Cow ",6,6
"810",810,"26/7/21","Browning","7196-6","CTWABD06B","Human",2,2
"811",811,"26/7/21","Browning","7196-6","CTWABD06B","Horse",2,2
"812",812,"27/7/21","Browning","7196-6","CTWABD06B","Cow ",7,7
"813",813,"28/7/21","Browning","7196-6","CTWABD06B","Human",1,1
"814",814,"28/7/21","Browning","7196-6","CTWABD06B","Cow ",5,5
"815",815,"28/7/21","Browning","7196-6","CTWABD06B","Cow ",1,1
"816",816,"29/7/21","Browning","7196-6","CTWABD06B","Human",1,1
"817",817,"29/7/21","Browning","7196-6","CTWABD06B","Dog",2,2
"818",818,"29/7/21","Browning","7196-6","CTWABD06B","Human",1,1
"819",819,"29/7/21","Browning","7196-6","CTWABD06B","Cow ",1,1
"820",820,"30/7/21","Browning","7196-6","CTWABD06B","Cow ",1,1
"821",821,"31/7/21","Browning","7196-6","CTWABD06B","Cow ",1,1
"822",822,"31/7/21","Browning","7196-6","CTWABD06B","Human",2,2
"823",823,"1/8/21","Browning","7196-6","CTWABD06B","Cow ",4,4
"824",824,"2/8/21","Browning","7196-6","CTWABD06B","Human",1,1
"825",825,"2/8/21","Browning","7196-6","CTWABD06B","Lagomorph",1,1
"826",826,"3/8/21","Browning","7196-6","CTWABD06B","Cow ",2,2
"827",827,"3/8/21","Browning","7196-6","CTWABD06B","Cow ",1,1
"828",828,"3/8/21","Browning","7196-6","CTWABD06B","Cow ",5,3
"829",829,"4/8/21","Browning","7196-6","CTWABD06B","Human",1,NA
"830",830,"4/8/21","Browning","7196-6","CTWABD06B","Dog",3,2
"831",831,"4/8/21","Browning","7196-6","CTWABD06B","Horse",1,1
"832",832,"4/8/21","Browning","7196-6","CTWABD06B","Dog",2,2
"833",833,"4/8/21","Browning","7196-6","CTWABD06B","Human",1,1
"834",834,"4/8/21","Browning","7196-6","CTWABD06B","Human",1,1
"835",835,"5/8/21","Browning","7196-6","CTWABD06B","Squirrel",1,1
"836",836,"8/8/21","Browning","7196-6","CTWABD06B","Squirrel",1,1
"837",837,"8/8/21","Browning","7196-6","CTWABD06B","Squirrel",1,1
"838",838,"11/8/21","Browning","7196-6","CTWABD06B","Cow ",6,6
"839",839,"11/8/21","Browning","7196-6","CTWABD06B","BB",2,2
"840",840,"11/8/21","Browning","7196-6","CTWABD06B","Cow ",4,4
"841",841,"11/8/21","Browning","7196-6","CTWABD06B","Cow ",7,5
"842",842,"11/8/21","Browning","7196-6","CTWABD06B","Deer",1,1
"843",843,"12/8/21","Browning","7196-6","CTWABD06B","Squirrel",1,1
"844",844,"12/8/21","Browning","7196-6","CTWABD06B","Cow ",4,3
"845",845,"12/8/21","Browning","7196-6","CTWABD06B","Cow ",4,4
"846",846,"13/8/21","Browning","7196-6","CTWABD06B","Cow ",4,4
"847",847,"13/8/21","Browning","7196-6","CTWABD06B","Cow ",3,2
"848",848,"13/8/21","Browning","7196-6","CTWABD06B","Cow ",1,1
"849",849,"13/8/21","Browning","7196-6","CTWABD06B","Cow ",1,1
"850",850,"13/8/21","Browning","7196-6","CTWABD06B","Cow ",1,1
"851",851,"13/8/21","Browning","7196-6","CTWABD06B","Human",2,2
"852",852,"13/8/21","Browning","7196-6","CTWABD06B","Cow ",3,3
"853",853,"13/8/21","Browning","7196-6","CTWABD06B","Cow ",1,1
"854",854,"13/8/21","Browning","7196-6","CTWABD06B","Cow ",3,2
"855",855,"13/8/21","Browning","7196-6","CTWABD06B","Cow ",1,1
"856",856,"13/8/21","Browning","7196-6","CTWABD06B","Human",2,2
"857",857,"13/8/21","Browning","7196-6","CTWABD06B","Cow ",1,1
"858",858,"13/8/21","Browning","7196-6","CTWABD06B","Cow ",4,4
"859",859,"14/8/21","Browning","7196-6","CTWABD06B","Cow ",3,3
"860",860,"14/8/21","Browning","7196-6","CTWABD06B","Cow ",1,1
"861",861,"14/8/21","Browning","7196-6","CTWABD06B","Squirrel",1,1
"862",862,"14/8/21","Browning","7196-6","CTWABD06B","Human",1,1
"863",863,"15/8/21","Browning","7196-6","CTWABD06B","Wild Turkey",1,1
"864",864,"18/8/21","Browning","7196-6","CTWABD06B","Northern Goshawk ",1,1
"865",865,"18/8/21","Browning","7196-6","CTWABD06B","Unknown",1,1
"866",866,"19/8/21","Browning","7196-6","CTWABD06B","Cow ",3,2
"867",867,"19/8/21","Browning","7196-6","CTWABD06B","Cow ",1,1
"868",868,"19/8/21","Browning","7196-6","CTWABD06B","Cow ",3,2
"869",869,"19/8/21","Browning","7196-6","CTWABD06B","Cow ",3,3
"870",870,"20/8/21","Browning","7196-6","CTWABD06B","Squirrel",1,1
"871",871,"22/8/21","Browning","7196-6","CTWABD06B","Coyote",1,1
"872",872,"22/8/21","Browning","7196-6","CTWABD06B","Cow ",4,3
"873",873,"24/8/21","Browning","7196-6","CTWABD06B","BB",2,2
"874",874,"25/8/21","Browning","7196-6","CTWABD06B","Lagomorph",1,1
"875",875,"25/8/21","Browning","7196-6","CTWABD06B","Squirrel",1,1
"876",876,"31/8/21","Browning","7196-6","CTWABD06B","Coyote",1,1
"877",877,"31/8/21","Browning","7196-6","CTWABD06B","Cow ",2,2
"878",878,"31/8/21","Browning","7196-6","CTWABD06B","Cow ",5,4
"879",879,"2/9/21","Browning","7196-6","CTWABD06B","Cow ",3,2
"880",880,"2/9/21","Browning","7196-6","CTWABD06B","Squirrel",1,1
"881",881,"3/9/21","Browning","7196-6","CTWABD06B","Cow ",2,2
"882",882,"3/9/21","Browning","7196-6","CTWABD06B","Cow ",2,2
"883",883,"3/9/21","Browning","7196-6","CTWABD06B","Cow ",1,1
"884",884,"4/9/21","Browning","7196-6","CTWABD06B","Cow ",1,1
"885",885,"4/9/21","Browning","7196-6","CTWABD06B","Cow ",6,6
"886",886,"5/9/21","Browning","7196-6","CTWABD06B","Cow ",1,1
"887",887,"6/9/21","Browning","7196-6","CTWABD06B","Great Horned Owl",2,2
"888",888,"7/9/21","Browning","7196-6","CTWABD06B","Cow ",5,5
"889",889,"7/9/21","Browning","7196-6","CTWABD06B","Cow ",4,4
"890",890,"8/9/21","Browning","7196-6","CTWABD06B","Squirrel",1,1
"891",891,"9/9/21","Browning","7196-6","CTWABD06B","Cow ",2,2
"892",892,"9/9/21","Browning","7196-6","CTWABD06B","Cow ",2,1
"893",893,"9/9/21","Browning","7196-6","CTWABD06B","Red Squirrel",1,1
"894",894,"9/9/21","Browning","7196-6","CTWABD06B","BB",1,1
"895",895,"10/9/21","Browning","7196-6","CTWABD06B","BB",1,1
"896",896,"11/9/21","Browning","7196-6","CTWABD06B","Cow ",4,3
"897",897,"17/9/21","Browning","7196-6","CTWABD06B","Red Squirrel",1,1
"898",898,"18/9/21","Browning","7196-6","CTWABD06B","Red Squirrel",1,1
"899",899,"20/9/21","Browning","7196-6","CTWABD06B","Chipmunk",1,1
"900",900,"24/9/21","Browning","7196-6","CTWABD06B","Cow ",5,5
"901",901,"24/9/21","Browning","7196-6","CTWABD06B","Chipmunk",1,1
"902",902,"24/9/21","Browning","7196-6","CTWABD06B","Cow ",2,2
"903",903,"26/9/21","Browning","7196-6","CTWABD06B","Human",2,2
"904",NA,"","","","","",NA,NA
"905",NA,"","","","","",NA,NA
"906",NA,"","","","","",NA,NA
"907",NA,"","","","","",NA,NA
"908",NA,"","","","","",NA,NA
"909",NA,"","","","","",NA,NA
"910",NA,"","","","","",NA,NA
"911",NA,"","","","","",NA,NA
"912",NA,"","","","","",NA,NA
"913",NA,"","","","","",NA,NA
"914",NA,"","","","","",NA,NA
"915",NA,"","","","","",NA,NA
"916",NA,"","","","","",NA,NA
"917",NA,"","","","","",NA,NA
"918",NA,"","","","","",NA,NA
"919",NA,"","","","","",NA,NA
"920",NA,"","","","","",NA,NA
"921",NA,"","","","","",NA,NA
"922",NA,"","","","","",NA,NA
"923",NA,"","","","","",NA,NA
"924",NA,"","","","","",NA,NA
"925",NA,"","","","","",NA,NA
"926",NA,"","","","","",NA,NA
"927",NA,"","","","","",NA,NA
"928",NA,"","","","","",NA,NA
"929",NA,"","","","","",NA,NA
"930",NA,"","","","","",NA,NA
"931",NA,"","","","","",NA,NA
"932",NA,"","","","","",NA,NA
"933",NA,"","","","","",NA,NA
"934",NA,"","","","","",NA,NA
"935",NA,"","","","","",NA,NA
"936",NA,"","","","","",NA,NA
"937",NA,"","","","","",NA,NA
"938",NA,"","","","","",NA,NA
"939",NA,"","","","","",NA,NA
"940",NA,"","","","","",NA,NA
"941",NA,"","","","","",NA,NA
"942",NA,"","","","","",NA,NA
"943",NA,"","","","","",NA,NA
"944",NA,"","","","","",NA,NA
"945",NA,"","","","","",NA,NA
"946",NA,"","","","","",NA,NA
"947",NA,"","","","","",NA,NA
"948",NA,"","","","","",NA,NA
"949",NA,"","","","","",NA,NA
"950",NA,"","","","","",NA,NA
"951",NA,"","","","","",NA,NA
"952",NA,"","","","","",NA,NA
"953",NA,"","","","","",NA,NA
"954",NA,"","","","","",NA,NA
"955",NA,"","","","","",NA,NA
"956",NA,"","","","","",NA,NA
"957",NA,"","","","","",NA,NA
"958",NA,"","","","","",NA,NA
"959",NA,"","","","","",NA,NA
"960",NA,"","","","","",NA,NA
"961",NA,"","","","","",NA,NA
"962",NA,"","","","","",NA,NA
"963",NA,"","","","","",NA,NA
"964",NA,"","","","","",NA,NA
"965",NA,"","","","","",NA,NA
"966",NA,"","","","","",NA,NA
"967",NA,"","","","","",NA,NA
"968",NA,"","","","","",NA,NA
"969",NA,"","","","","",NA,NA
"970",NA,"","","","","",NA,NA
"971",NA,"","","","","",NA,NA
"972",NA,"","","","","",NA,NA
"973",NA,"","","","","",NA,NA
"974",NA,"","","","","",NA,NA
"975",NA,"","","","","",NA,NA
"976",NA,"","","","","",NA,NA
"977",NA,"","","","","",NA,NA
"978",NA,"","","","","",NA,NA
"979",NA,"","","","","",NA,NA
"980",NA,"","","","","",NA,NA
"981",NA,"","","","","",NA,NA
"982",NA,"","","","","",NA,NA
"983",NA,"","","","","",NA,NA
"984",NA,"","","","","",NA,NA
"985",NA,"","","","","",NA,NA
"986",NA,"","","","","",NA,NA
"987",NA,"","","","","",NA,NA
"988",NA,"","","","","",NA,NA
"989",NA,"","","","","",NA,NA
"990",NA,"","","","","",NA,NA
"991",NA,"","","","","",NA,NA
"992",NA,"","","","","",NA,NA
"993",NA,"","","","","",NA,NA
"994",NA,"","","","","",NA,NA
"995",NA,"","","","","",NA,NA
"996",NA,"","","","","",NA,NA
"997",NA,"","","","","",NA,NA
"998",NA,"","","","","",NA,NA
"999",NA,"","","","","",NA,NA
"1000",NA,"","","","","",NA,NA
"1001",NA,"","","","","",NA,NA
"1002",NA,"","","","","",NA,NA
"1003",NA,"","","","","",NA,NA
"1004",NA,"","","","","",NA,NA
"1005",NA,"","","","","",NA,NA
"1006",NA,"","","","","",NA,NA
"1007",NA,"","","","","",NA,NA
"1008",NA,"","","","","",NA,NA
"1009",NA,"","","","","",NA,NA
"1010",NA,"","","","","",NA,NA
"1011",NA,"","","","","",NA,NA
"1012",NA,"","","","","",NA,NA
"1013",NA,"","","","","",NA,NA
"1014",NA,"","","","","",NA,NA
"1015",NA,"","","","","",NA,NA
"1016",NA,"","","","","",NA,NA
"1017",NA,"","","","","",NA,NA
"1018",NA,"","","","","",NA,NA
"1019",NA,"","","","","",NA,NA
"1020",NA,"","","","","",NA,NA
"1021",NA,"","","","","",NA,NA
"1022",NA,"","","","","",NA,NA
"1023",NA,"","","","","",NA,NA
"1024",NA,"","","","","",NA,NA
"1025",NA,"","","","","",NA,NA
"1026",NA,"","","","","",NA,NA
"1027",NA,"","","","","",NA,NA
"1028",NA,"","","","","",NA,NA
"1029",NA,"","","","","",NA,NA
"1030",NA,"","","","","",NA,NA
"1031",NA,"","","","","",NA,NA
"1032",NA,"","","","","",NA,NA
"1033",NA,"","","","","",NA,NA
"1034",NA,"","","","","",NA,NA
"1035",NA,"","","","","",NA,NA
"1036",NA,"","","","","",NA,NA
"1037",NA,"","","","","",NA,NA
"1038",NA,"","","","","",NA,NA
"1039",NA,"","","","","",NA,NA
"1040",NA,"","","","","",NA,NA
"1041",NA,"","","","","",NA,NA
"1042",NA,"","","","","",NA,NA
"1043",NA,"","","","","",NA,NA
"1044",NA,"","","","","",NA,NA
"1045",NA,"","","","","",NA,NA
"1046",NA,"","","","","",NA,NA
"1047",NA,"","","","","",NA,NA
"1048",NA,"","","","","",NA,NA
"1049",NA,"","","","","",NA,NA
"1050",NA,"","","","","",NA,NA
"1051",NA,"","","","","",NA,NA
"1052",NA,"","","","","",NA,NA
"1053",NA,"","","","","",NA,NA
"1054",NA,"","","","","",NA,NA
"1055",NA,"","","","","",NA,NA
"1056",NA,"","","","","",NA,NA
"1057",NA,"","","","","",NA,NA
"1058",NA,"","","","","",NA,NA
"1059",NA,"","","","","",NA,NA
"1060",NA,"","","","","",NA,NA
"1061",NA,"","","","","",NA,NA
"1062",NA,"","","","","",NA,NA
"1063",NA,"","","","","",NA,NA
"1064",NA,"","","","","",NA,NA
"1065",NA,"","","","","",NA,NA
"1066",NA,"","","","","",NA,NA
"1067",NA,"","","","","",NA,NA
"1068",NA,"","","","","",NA,NA
"1069",NA,"","","","","",NA,NA
"1070",NA,"","","","","",NA,NA
"1071",NA,"","","","","",NA,NA
"1072",NA,"","","","","",NA,NA
"1073",NA,"","","","","",NA,NA
"1074",NA,"","","","","",NA,NA
"1075",NA,"","","","","",NA,NA
"1076",NA,"","","","","",NA,NA
"1077",NA,"","","","","",NA,NA
"1078",NA,"","","","","",NA,NA
"1079",NA,"","","","","",NA,NA
"1080",NA,"","","","","",NA,NA
"1081",NA,"","","","","",NA,NA
"1082",NA,"","","","","",NA,NA
"1083",NA,"","","","","",NA,NA
"1084",NA,"","","","","",NA,NA
"1085",NA,"","","","","",NA,NA
"1086",NA,"","","","","",NA,NA
"1087",NA,"","","","","",NA,NA
"1088",NA,"","","","","",NA,NA
"1089",NA,"","","","","",NA,NA
"1090",NA,"","","","","",NA,NA
"1091",NA,"","","","","",NA,NA
"1092",NA,"","","","","",NA,NA
"1093",NA,"","","","","",NA,NA
"1094",NA,"","","","","",NA,NA
"1095",NA,"","","","","",NA,NA
"1096",NA,"","","","","",NA,NA
"1097",NA,"","","","","",NA,NA
"1098",NA,"","","","","",NA,NA
"1099",NA,"","","","","",NA,NA
"1100",NA,"","","","","",NA,NA
"1101",NA,"","","","","",NA,NA
"1102",NA,"","","","","",NA,NA
"1103",NA,"","","","","",NA,NA
"1104",NA,"","","","","",NA,NA
"1105",NA,"","","","","",NA,NA
"1106",NA,"","","","","",NA,NA
"1107",NA,"","","","","",NA,NA
"1108",NA,"","","","","",NA,NA
"1109",NA,"","","","","",NA,NA
"1110",NA,"","","","","",NA,NA
"1111",NA,"","","","","",NA,NA
"1112",NA,"","","","","",NA,NA
"1113",NA,"","","","","",NA,NA
"1114",NA,"","","","","",NA,NA
"1115",NA,"","","","","",NA,NA
"1116",NA,"","","","","",NA,NA
"1117",NA,"","","","","",NA,NA
"1118",NA,"","","","","",NA,NA
"1119",NA,"","","","","",NA,NA
"1120",NA,"","","","","",NA,NA
"1121",NA,"","","","","",NA,NA
"1122",NA,"","","","","",NA,NA
"1123",NA,"","","","","",NA,NA
"1124",NA,"","","","","",NA,NA
"1125",NA,"","","","","",NA,NA
"1126",NA,"","","","","",NA,NA
"1127",NA,"","","","","",NA,NA
"1128",NA,"","","","","",NA,NA
"1129",NA,"","","","","",NA,NA
"1130",NA,"","","","","",NA,NA
"1131",NA,"","","","","",NA,NA
"1132",NA,"","","","","",NA,NA
"1133",NA,"","","","","",NA,NA
"1134",NA,"","","","","",NA,NA
"1135",NA,"","","","","",NA,NA
"1136",NA,"","","","","",NA,NA
"1137",NA,"","","","","",NA,NA
"1138",NA,"","","","","",NA,NA
"1139",NA,"","","","","",NA,NA
"1140",NA,"","","","","",NA,NA
"1141",NA,"","","","","",NA,NA
"1142",NA,"","","","","",NA,NA
"1143",NA,"","","","","",NA,NA
"1144",NA,"","","","","",NA,NA
"1145",NA,"","","","","",NA,NA
"1146",NA,"","","","","",NA,NA
"1147",NA,"","","","","",NA,NA
"1148",NA,"","","","","",NA,NA
"1149",NA,"","","","","",NA,NA
"1150",NA,"","","","","",NA,NA
"1151",NA,"","","","","",NA,NA
"1152",NA,"","","","","",NA,NA
"1153",NA,"","","","","",NA,NA
"1154",NA,"","","","","",NA,NA
"1155",NA,"","","","","",NA,NA
"1156",NA,"","","","","",NA,NA
"1157",NA,"","","","","",NA,NA
"1158",NA,"","","","","",NA,NA
"1159",NA,"","","","","",NA,NA
"1160",NA,"","","","","",NA,NA
"1161",NA,"","","","","",NA,NA
"1162",NA,"","","","","",NA,NA
"1163",NA,"","","","","",NA,NA
"1164",NA,"","","","","",NA,NA
"1165",NA,"","","","","",NA,NA
"1166",NA,"","","","","",NA,NA
"1167",NA,"","","","","",NA,NA
"1168",NA,"","","","","",NA,NA
"1169",NA,"","","","","",NA,NA
"1170",NA,"","","","","",NA,NA
"1171",NA,"","","","","",NA,NA
"1172",NA,"","","","","",NA,NA
"1173",NA,"","","","","",NA,NA
"1174",NA,"","","","","",NA,NA
"1175",NA,"","","","","",NA,NA
"1176",NA,"","","","","",NA,NA
"1177",NA,"","","","","",NA,NA
"1178",NA,"","","","","",NA,NA
"1179",NA,"","","","","",NA,NA
"1180",NA,"","","","","",NA,NA
"1181",NA,"","","","","",NA,NA
"1182",NA,"","","","","",NA,NA
"1183",NA,"","","","","",NA,NA
"1184",NA,"","","","","",NA,NA
"1185",NA,"","","","","",NA,NA
"1186",NA,"","","","","",NA,NA
"1187",NA,"","","","","",NA,NA
"1188",NA,"","","","","",NA,NA
"1189",NA,"","","","","",NA,NA
"1190",NA,"","","","","",NA,NA
"1191",NA,"","","","","",NA,NA
"1192",NA,"","","","","",NA,NA
"1193",NA,"","","","","",NA,NA
"1194",NA,"","","","","",NA,NA
"1195",NA,"","","","","",NA,NA
"1196",NA,"","","","","",NA,NA
"1197",NA,"","","","","",NA,NA
"1198",NA,"","","","","",NA,NA
"1199",NA,"","","","","",NA,NA
"1200",NA,"","","","","",NA,NA
"1201",NA,"","","","","",NA,NA
"1202",NA,"","","","","",NA,NA
"1203",NA,"","","","","",NA,NA
"1204",NA,"","","","","",NA,NA
"1205",NA,"","","","","",NA,NA
"1206",NA,"","","","","",NA,NA
"1207",NA,"","","","","",NA,NA
"1208",NA,"","","","","",NA,NA
"1209",NA,"","","","","",NA,NA
"1210",NA,"","","","","",NA,NA
"1211",NA,"","","","","",NA,NA
"1212",NA,"","","","","",NA,NA
"1213",NA,"","","","","",NA,NA
"1214",NA,"","","","","",NA,NA
"1215",NA,"","","","","",NA,NA
"1216",NA,"","","","","",NA,NA
"1217",NA,"","","","","",NA,NA
"1218",NA,"","","","","",NA,NA
"1219",NA,"","","","","",NA,NA
"1220",NA,"","","","","",NA,NA
"1221",NA,"","","","","",NA,NA
"1222",NA,"","","","","",NA,NA
"1223",NA,"","","","","",NA,NA
"1224",NA,"","","","","",NA,NA
"1225",NA,"","","","","",NA,NA
"1226",NA,"","","","","",NA,NA
"1227",NA,"","","","","",NA,NA
"1228",NA,"","","","","",NA,NA
"1229",NA,"","","","","",NA,NA
"1230",NA,"","","","","",NA,NA
"1231",NA,"","","","","",NA,NA
"1232",NA,"","","","","",NA,NA
"1233",NA,"","","","","",NA,NA
"1234",NA,"","","","","",NA,NA
"1235",NA,"","","","","",NA,NA
"1236",NA,"","","","","",NA,NA
"1237",NA,"","","","","",NA,NA
"1238",NA,"","","","","",NA,NA
"1239",NA,"","","","","",NA,NA
"1240",NA,"","","","","",NA,NA
"1241",NA,"","","","","",NA,NA
"1242",NA,"","","","","",NA,NA
"1243",NA,"","","","","",NA,NA
"1244",NA,"","","","","",NA,NA
"1245",NA,"","","","","",NA,NA
"1246",NA,"","","","","",NA,NA
"1247",NA,"","","","","",NA,NA
"1248",NA,"","","","","",NA,NA
"1249",NA,"","","","","",NA,NA
"1250",NA,"","","","","",NA,NA
"1251",NA,"","","","","",NA,NA
"1252",NA,"","","","","",NA,NA
"1253",NA,"","","","","",NA,NA
"1254",NA,"","","","","",NA,NA
"1255",NA,"","","","","",NA,NA
"1256",NA,"","","","","",NA,NA
"1257",NA,"","","","","",NA,NA
"1258",NA,"","","","","",NA,NA
"1259",NA,"","","","","",NA,NA
"1260",NA,"","","","","",NA,NA
"1261",NA,"","","","","",NA,NA
"1262",NA,"","","","","",NA,NA
"1263",NA,"","","","","",NA,NA
"1264",NA,"","","","","",NA,NA
"1265",NA,"","","","","",NA,NA
"1266",NA,"","","","","",NA,NA
"1267",NA,"","","","","",NA,NA
"1268",NA,"","","","","",NA,NA
"1269",NA,"","","","","",NA,NA
"1270",NA,"","","","","",NA,NA
"1271",NA,"","","","","",NA,NA
"1272",NA,"","","","","",NA,NA
"1273",NA,"","","","","",NA,NA
"1274",NA,"","","","","",NA,NA
"1275",NA,"","","","","",NA,NA
"1276",NA,"","","","","",NA,NA
"1277",NA,"","","","","",NA,NA
"1278",NA,"","","","","",NA,NA
"1279",NA,"","","","","",NA,NA
"1280",NA,"","","","","",NA,NA
"1281",NA,"","","","","",NA,NA
"1282",NA,"","","","","",NA,NA
"1283",NA,"","","","","",NA,NA
"1284",NA,"","","","","",NA,NA
"1285",NA,"","","","","",NA,NA
"1286",NA,"","","","","",NA,NA
"1287",NA,"","","","","",NA,NA
"1288",NA,"","","","","",NA,NA
"1289",NA,"","","","","",NA,NA
"1290",NA,"","","","","",NA,NA
"1291",NA,"","","","","",NA,NA
"1292",NA,"","","","","",NA,NA
"1293",NA,"","","","","",NA,NA
"1294",NA,"","","","","",NA,NA
"1295",NA,"","","","","",NA,NA
"1296",NA,"","","","","",NA,NA
"1297",NA,"","","","","",NA,NA
"1298",NA,"","","","","",NA,NA
"1299",NA,"","","","","",NA,NA
"1300",NA,"","","","","",NA,NA
"1301",NA,"","","","","",NA,NA
"1302",NA,"","","","","",NA,NA
"1303",NA,"","","","","",NA,NA
"1304",NA,"","","","","",NA,NA
"1305",NA,"","","","","",NA,NA
"1306",NA,"","","","","",NA,NA
"1307",NA,"","","","","",NA,NA
"1308",NA,"","","","","",NA,NA
"1309",NA,"","","","","",NA,NA
"1310",NA,"","","","","",NA,NA
"1311",NA,"","","","","",NA,NA
"1312",NA,"","","","","",NA,NA
"1313",NA,"","","","","",NA,NA
"1314",NA,"","","","","",NA,NA
"1315",NA,"","","","","",NA,NA
"1316",NA,"","","","","",NA,NA
"1317",NA,"","","","","",NA,NA
"1318",NA,"","","","","",NA,NA
"1319",NA,"","","","","",NA,NA
"1320",NA,"","","","","",NA,NA
"1321",NA,"","","","","",NA,NA
"1322",NA,"","","","","",NA,NA
"1323",NA,"","","","","",NA,NA
"1324",NA,"","","","","",NA,NA
"1325",NA,"","","","","",NA,NA
"1326",NA,"","","","","",NA,NA
"1327",NA,"","","","","",NA,NA
"1328",NA,"","","","","",NA,NA
"1329",NA,"","","","","",NA,NA
"1330",NA,"","","","","",NA,NA
"1331",NA,"","","","","",NA,NA
"1332",NA,"","","","","",NA,NA
"1333",NA,"","","","","",NA,NA
"1334",NA,"","","","","",NA,NA
"1335",NA,"","","","","",NA,NA
"1336",NA,"","","","","",NA,NA
"1337",NA,"","","","","",NA,NA
"1338",NA,"","","","","",NA,NA
"1339",NA,"","","","","",NA,NA
"1340",NA,"","","","","",NA,NA
"1341",NA,"","","","","",NA,NA
"1342",NA,"","","","","",NA,NA
"1343",NA,"","","","","",NA,NA
"1344",NA,"","","","","",NA,NA
"1345",NA,"","","","","",NA,NA
"1346",NA,"","","","","",NA,NA
"1347",NA,"","","","","",NA,NA
"1348",NA,"","","","","",NA,NA
"1349",NA,"","","","","",NA,NA
"1350",NA,"","","","","",NA,NA
"1351",NA,"","","","","",NA,NA
"1352",NA,"","","","","",NA,NA
"1353",NA,"","","","","",NA,NA
"1354",NA,"","","","","",NA,NA
"1355",NA,"","","","","",NA,NA
"1356",NA,"","","","","",NA,NA
"1357",NA,"","","","","",NA,NA
"1358",NA,"","","","","",NA,NA
"1359",NA,"","","","","",NA,NA
"1360",NA,"","","","","",NA,NA
"1361",NA,"","","","","",NA,NA
"1362",NA,"","","","","",NA,NA
"1363",NA,"","","","","",NA,NA
"1364",NA,"","","","","",NA,NA
"1365",NA,"","","","","",NA,NA
"1366",NA,"","","","","",NA,NA
"1367",NA,"","","","","",NA,NA
"1368",NA,"","","","","",NA,NA
"1369",NA,"","","","","",NA,NA
"1370",NA,"","","","","",NA,NA
"1371",NA,"","","","","",NA,NA
"1372",NA,"","","","","",NA,NA
"1373",NA,"","","","","",NA,NA
"1374",NA,"","","","","",NA,NA
"1375",NA,"","","","","",NA,NA
"1376",NA,"","","","","",NA,NA
"1377",NA,"","","","","",NA,NA
"1378",NA,"","","","","",NA,NA
"1379",NA,"","","","","",NA,NA
"1380",NA,"","","","","",NA,NA
"1381",NA,"","","","","",NA,NA
"1382",NA,"","","","","",NA,NA
"1383",NA,"","","","","",NA,NA
"1384",NA,"","","","","",NA,NA
"1385",NA,"","","","","",NA,NA
"1386",NA,"","","","","",NA,NA
"1387",NA,"","","","","",NA,NA
"1388",NA,"","","","","",NA,NA
"1389",NA,"","","","","",NA,NA
"1390",NA,"","","","","",NA,NA
"1391",NA,"","","","","",NA,NA
"1392",NA,"","","","","",NA,NA
"1393",NA,"","","","","",NA,NA
"1394",NA,"","","","","",NA,NA
"1395",NA,"","","","","",NA,NA
"1396",NA,"","","","","",NA,NA
"1397",NA,"","","","","",NA,NA
"1398",NA,"","","","","",NA,NA
"1399",NA,"","","","","",NA,NA
"1400",NA,"","","","","",NA,NA
"1401",NA,"","","","","",NA,NA
"1402",NA,"","","","","",NA,NA
"1403",NA,"","","","","",NA,NA
"1404",NA,"","","","","",NA,NA
"1405",NA,"","","","","",NA,NA
"1406",NA,"","","","","",NA,NA
"1407",NA,"","","","","",NA,NA
"1408",NA,"","","","","",NA,NA
"1409",NA,"","","","","",NA,NA
"1410",NA,"","","","","",NA,NA
"1411",NA,"","","","","",NA,NA
"1412",NA,"","","","","",NA,NA
"1413",NA,"","","","","",NA,NA
"1414",NA,"","","","","",NA,NA
"1415",NA,"","","","","",NA,NA
"1416",NA,"","","","","",NA,NA
"1417",NA,"","","","","",NA,NA
"1418",NA,"","","","","",NA,NA
"1419",NA,"","","","","",NA,NA
"1420",NA,"","","","","",NA,NA
"1421",NA,"","","","","",NA,NA
"1422",NA,"","","","","",NA,NA
"1423",NA,"","","","","",NA,NA
"1424",NA,"","","","","",NA,NA
"1425",NA,"","","","","",NA,NA
"1426",NA,"","","","","",NA,NA
"1427",NA,"","","","","",NA,NA
"1428",NA,"","","","","",NA,NA
"1429",NA,"","","","","",NA,NA
"1430",NA,"","","","","",NA,NA
"1431",NA,"","","","","",NA,NA
"1432",NA,"","","","","",NA,NA
"1433",NA,"","","","","",NA,NA
"1434",NA,"","","","","",NA,NA
"1435",NA,"","","","","",NA,NA
"1436",NA,"","","","","",NA,NA
"1437",NA,"","","","","",NA,NA
"1438",NA,"","","","","",NA,NA
"1439",NA,"","","","","",NA,NA
"1440",NA,"","","","","",NA,NA
"1441",NA,"","","","","",NA,NA
"1442",NA,"","","","","",NA,NA
"1443",NA,"","","","","",NA,NA
"1444",NA,"","","","","",NA,NA
"1445",NA,"","","","","",NA,NA
"1446",NA,"","","","","",NA,NA
"1447",NA,"","","","","",NA,NA
"1448",NA,"","","","","",NA,NA
"1449",NA,"","","","","",NA,NA
"1450",NA,"","","","","",NA,NA
"1451",NA,"","","","","",NA,NA
"1452",NA,"","","","","",NA,NA
"1453",NA,"","","","","",NA,NA
"1454",NA,"","","","","",NA,NA
"1455",NA,"","","","","",NA,NA
"1456",NA,"","","","","",NA,NA
"1457",NA,"","","","","",NA,NA
"1458",NA,"","","","","",NA,NA
"1459",NA,"","","","","",NA,NA
"1460",NA,"","","","","",NA,NA
"1461",NA,"","","","","",NA,NA
"1462",NA,"","","","","",NA,NA
"1463",NA,"","","","","",NA,NA
"1464",NA,"","","","","",NA,NA
"1465",NA,"","","","","",NA,NA
"1466",NA,"","","","","",NA,NA
"1467",NA,"","","","","",NA,NA
"1468",NA,"","","","","",NA,NA
"1469",NA,"","","","","",NA,NA
"1470",NA,"","","","","",NA,NA
"1471",NA,"","","","","",NA,NA
"1472",NA,"","","","","",NA,NA
"1473",NA,"","","","","",NA,NA
"1474",NA,"","","","","",NA,NA
"1475",NA,"","","","","",NA,NA
"1476",NA,"","","","","",NA,NA
"1477",NA,"","","","","",NA,NA
"1478",NA,"","","","","",NA,NA
"1479",NA,"","","","","",NA,NA
"1480",NA,"","","","","",NA,NA
"1481",NA,"","","","","",NA,NA
"1482",NA,"","","","","",NA,NA
"1483",NA,"","","","","",NA,NA
"1484",NA,"","","","","",NA,NA
"1485",NA,"","","","","",NA,NA
"1486",NA,"","","","","",NA,NA
"1487",NA,"","","","","",NA,NA
"1488",NA,"","","","","",NA,NA
"1489",NA,"","","","","",NA,NA
"1490",NA,"","","","","",NA,NA
"1491",NA,"","","","","",NA,NA
"1492",NA,"","","","","",NA,NA
"1493",NA,"","","","","",NA,NA
"1494",NA,"","","","","",NA,NA
"1495",NA,"","","","","",NA,NA
"1496",NA,"","","","","",NA,NA
"1497",NA,"","","","","",NA,NA
"1498",NA,"","","","","",NA,NA
"1499",NA,"","","","","",NA,NA
"1500",NA,"","","","","",NA,NA
"1501",NA,"","","","","",NA,NA
"1502",NA,"","","","","",NA,NA
"1503",NA,"","","","","",NA,NA
"1504",NA,"","","","","",NA,NA
"1505",NA,"","","","","",NA,NA
"1506",NA,"","","","","",NA,NA
"1507",NA,"","","","","",NA,NA
"1508",NA,"","","","","",NA,NA
"1509",NA,"","","","","",NA,NA
"1510",NA,"","","","","",NA,NA
"1511",NA,"","","","","",NA,NA
"1512",NA,"","","","","",NA,NA
"1513",NA,"","","","","",NA,NA
"1514",NA,"","","","","",NA,NA
"1515",NA,"","","","","",NA,NA
"1516",NA,"","","","","",NA,NA
"1517",NA,"","","","","",NA,NA
"1518",NA,"","","","","",NA,NA
"1519",NA,"","","","","",NA,NA
"1520",NA,"","","","","",NA,NA
"1521",NA,"","","","","",NA,NA
"1522",NA,"","","","","",NA,NA
"1523",NA,"","","","","",NA,NA
"1524",NA,"","","","","",NA,NA
"1525",NA,"","","","","",NA,NA
"1526",NA,"","","","","",NA,NA
"1527",NA,"","","","","",NA,NA
"1528",NA,"","","","","",NA,NA
"1529",NA,"","","","","",NA,NA
"1530",NA,"","","","","",NA,NA
"1531",NA,"","","","","",NA,NA
"1532",NA,"","","","","",NA,NA
"1533",NA,"","","","","",NA,NA
"1534",NA,"","","","","",NA,NA
"1535",NA,"","","","","",NA,NA
"1536",NA,"","","","","",NA,NA
"1537",NA,"","","","","",NA,NA
"1538",NA,"","","","","",NA,NA
"1539",NA,"","","","","",NA,NA
"1540",NA,"","","","","",NA,NA
"1541",NA,"","","","","",NA,NA
"1542",NA,"","","","","",NA,NA
"1543",NA,"","","","","",NA,NA
"1544",NA,"","","","","",NA,NA
"1545",NA,"","","","","",NA,NA
"1546",NA,"","","","","",NA,NA
"1547",NA,"","","","","",NA,NA
"1548",NA,"","","","","",NA,NA
"1549",NA,"","","","","",NA,NA
"1550",NA,"","","","","",NA,NA
"1551",NA,"","","","","",NA,NA
"1552",NA,"","","","","",NA,NA
"1553",NA,"","","","","",NA,NA
"1554",NA,"","","","","",NA,NA
"1555",NA,"","","","","",NA,NA
"1556",NA,"","","","","",NA,NA
"1557",NA,"","","","","",NA,NA
"1558",NA,"","","","","",NA,NA
"1559",NA,"","","","","",NA,NA
"1560",NA,"","","","","",NA,NA
"1561",NA,"","","","","",NA,NA
"1562",NA,"","","","","",NA,NA
"1563",NA,"","","","","",NA,NA
"1564",NA,"","","","","",NA,NA
"1565",NA,"","","","","",NA,NA
"1566",NA,"","","","","",NA,NA
"1567",NA,"","","","","",NA,NA
"1568",NA,"","","","","",NA,NA
"1569",NA,"","","","","",NA,NA
"1570",NA,"","","","","",NA,NA
"1571",NA,"","","","","",NA,NA
"1572",NA,"","","","","",NA,NA
"1573",NA,"","","","","",NA,NA
"1574",NA,"","","","","",NA,NA
"1575",NA,"","","","","",NA,NA
"1576",NA,"","","","","",NA,NA
"1577",NA,"","","","","",NA,NA
"1578",NA,"","","","","",NA,NA
"1579",NA,"","","","","",NA,NA
"1580",NA,"","","","","",NA,NA
"1581",NA,"","","","","",NA,NA
"1582",NA,"","","","","",NA,NA
"1583",NA,"","","","","",NA,NA
"1584",NA,"","","","","",NA,NA
"1585",NA,"","","","","",NA,NA
"1586",NA,"","","","","",NA,NA
"1587",NA,"","","","","",NA,NA
"1588",NA,"","","","","",NA,NA
"1589",NA,"","","","","",NA,NA
"1590",NA,"","","","","",NA,NA
"1591",NA,"","","","","",NA,NA
"1592",NA,"","","","","",NA,NA
"1593",NA,"","","","","",NA,NA
"1594",NA,"","","","","",NA,NA
"1595",NA,"","","","","",NA,NA
"1596",NA,"","","","","",NA,NA
"1597",NA,"","","","","",NA,NA
"1598",NA,"","","","","",NA,NA
"1599",NA,"","","","","",NA,NA
"1600",NA,"","","","","",NA,NA
"1601",NA,"","","","","",NA,NA
"1602",NA,"","","","","",NA,NA
"1603",NA,"","","","","",NA,NA
"1604",NA,"","","","","",NA,NA
"1605",NA,"","","","","",NA,NA
"1606",NA,"","","","","",NA,NA
"1607",NA,"","","","","",NA,NA
"1608",NA,"","","","","",NA,NA
"1609",NA,"","","","","",NA,NA
"1610",NA,"","","","","",NA,NA
"1611",NA,"","","","","",NA,NA
"1612",NA,"","","","","",NA,NA
"1613",NA,"","","","","",NA,NA
"1614",NA,"","","","","",NA,NA
"1615",NA,"","","","","",NA,NA
"1616",NA,"","","","","",NA,NA
"1617",NA,"","","","","",NA,NA
"1618",NA,"","","","","",NA,NA
"1619",NA,"","","","","",NA,NA
"1620",NA,"","","","","",NA,NA
"1621",NA,"","","","","",NA,NA
"1622",NA,"","","","","",NA,NA
"1623",NA,"","","","","",NA,NA
"1624",NA,"","","","","",NA,NA
"1625",NA,"","","","","",NA,NA
"1626",NA,"","","","","",NA,NA
"1627",NA,"","","","","",NA,NA
"1628",NA,"","","","","",NA,NA
"1629",NA,"","","","","",NA,NA
"1630",NA,"","","","","",NA,NA
"1631",NA,"","","","","",NA,NA
"1632",NA,"","","","","",NA,NA
"1633",NA,"","","","","",NA,NA
"1634",NA,"","","","","",NA,NA
"1635",NA,"","","","","",NA,NA
"1636",NA,"","","","","",NA,NA
